farm_name,zone,city,turbines,latitude,longitude
A Capelada I,La Coruna (Galicia),"Cariño, Cedeira, Ortigueira",50,43.717,-7.937
A Capelada II,La Coruna (Galicia),"Cariño, Cedeira, Ortigueira",45,43.687,-7.96
A Pastoriza,Lugo (Galicia),"A Pastoriza, Mondoñedo, Riotorto",10,43.374,-7.327
A Ruña,La Coruna (Galicia),"Muros, Mazaricos",41,42.94,-8.99
Ablitas,Navarra,Ablitas,0,41.973,-1.644
Abote,SC Tenerife (Tenerife),Arico,0,28.152,-16.48
Abuela Santa Ana,Albacete (Castilla-La Mancha),Pozo Llorente ,25,39.053,-1.502
Abuela Santa Ana Modificación,Albacete (Castilla-La Mancha),Pozo Llorente,8,39.053,-1.502
Acampo Arias,Zaragoza (Aragon),Zaragoza ,15,41.554,-0.784
Acampo Armijo,Zaragoza (Aragon),Zaragoza,24,41.66,-0.87
Acampo Hospital,Zaragoza (Aragon),Zaragoza,3,41.649,-0.89
Adraño,La Coruna (Galicia),"Carnota, Mazaricos",36,42.91,-9.04
Aer. Agaete ,Las Palmas (Canarias),Agaete ,1,28.1,-15.7
Aer. Fábrica Acsa ,Las Palmas (Canarias),Agüimes ,1,27.904,-15.446
Aer. La Aldea,Las Palmas (Canarias),San Nicolás de Tolentino ,1,27.99,-15.781
Aer. Pozos Piletas,Las Palmas (Canarias),Agüimes ,1,27.904,-15.446
Aerogenerador Experimental G87 (Lubián),Zamora (Castilla y Leon),Lubián ,1,42.035,-6.908
Aerogenerador Experimental G90,Zamora (Castilla y Leon),Lubián,1,42.04,-6.91
Aerogenerador I+D Gamesa,Zamora (Castilla y Leon),Pías,1,42.08,-6.998
Aerogenerador R 225 kW Lezuza,Albacete (Castilla-La Mancha),Lezuza,0,38.939,-2.295
Aeropuerto La Palma,Las Palmas (Canarias),La Palma,2,28.622,-17.751
Agón,Zaragoza (Aragon),"Agón, Magallón",0,41.846,-1.457
Ágreda,Soria (Castilla y Leon),Ágreda,12,41.853,-1.92
Aguallal,Zamora (Castilla y Leon),"Lubián, Pias",18,42.05,-6.96
Aguallal Ampliación,Zamora (Castilla y Leon),"Lubián, Pias",28,42.05,-6.96
Aguatona,Las Palmas (Canarias),Ingenio ,2,27.933,-15.419
Aibar,Navarra,"Lumbier, Aibar, Urraúl",52,42.64,-1.391
Aizkibel,Navarra,Cendea de Galar,18,42.72,-1.695
Alaiz,Navarra,"Olóriz,Unzué",54,42.68,-1.58
Alba de Tormes,Salamanca (Castilla y Leon),,3,40.826,-5.513
Alcarama I,Logroño (La Rioja),Cervera del Río Alhama,8,42.004,-2.046
Alcarama II,Logroño (La Rioja),Cervera del Río Alhama,53,42.004,-2.046
Alconada,Palencia (Castilla y Leon),Ampudia,3,41.91,-4.78
Aldeavieja,Avila (Castilla y Leon),"Sta, Maria del Cubillo",22,40.72,-4.47
Alentisque,Soria (Castilla y Leon),Alentisque,31,41.403,-2.325
Alhambra,Ciudad Real (Castilla-La Mancha),"Alhambra, La Solana, Membrilla",17,38.868,-3.126
Alijar,Cadiz (Andalucía),Jeréz de la Frontera,16,36.737,-6.28
Alijar II,Cadiz (Andalucía),Jeréz de la Frontera,11,36.747,-6.256
Alisio,Las Palmas (Fuerteventura),Pájara,4,28.35,-14.113
Alisio Offshore,Offshore,,0,27.82,-15.38
Allueva,Teruel (Aragon),"Allueva, Fonfría, Adanón",7,40.999,-1.04
Almaren,Zaragoza (Aragon),Sestrica,14,41.467,-1.623
Almendarache,Cadiz (Andalucía),Tarifa,11,36.01,-5.6
Almendros I,Murcia,Jumilla,12,38.658,-1.435
Almendros II,Murcia,Jumilla,14,38.664,-1.428
Almeriques,Cadiz (Andalucía),"Medina, Sidonia",13,36.463,-5.945
Alta Anoia,Tarragona (Cataluna),"Pujalt, Veciana, Prats de Rei, Calonge de Segarra ",15,41.717,-1.451
Altamira,Málaga (Andalucía),"Teba, Almargen (Málaga)",25,37.029,-5.01
Alto Casillas I,Castellon (Comunidad Valenciana),"Barracas, Viver",15,39.999,-0.627
Alto Casillas II,Castellon (Comunidad Valenciana),Pina de Montalgrao ,15,39.999,-0.627
Alto de Croa I,La Coruna (Galicia),,2,43.014,-9.051
Alto de Croa II,La Coruna (Galicia),,4,43.014,-9.051
Alto de la Degollada,Burgos (Castilla y Leon),Castrojériz ,25,42.288,-4.139
Alto de Pocillo,Palencia (Castilla y Leon),Monzón de Campos,2,42.119,-4.49
Alto de Seixal,Lugo (Galicia),"Abadín, A Pastoriza (Lugo)",15,43.377,-7.383
Alto d´Abara,Asturias,"El Franco, Coaña",3,43.521,-6.788
Alto Palancia I,Castellon (Comunidad Valenciana),"Barracas, Viver",13,40.02,-0.7
Alto Palancia II,Castellon (Comunidad Valenciana),"Barracas, Viver",23,40.02,-0.7
Alto Palancia III,Castellon (Comunidad Valenciana),"Barracas, Viver ",16,40.016,-0.697
Altos de Cartagena,Avila (Castilla y Leon),Las Navas del Marqués,32,40.63,-4.34
Ameixeiras -Testeiros,Ourense (Galicia),"Forcarei, Lalín (Pontevedra), O Irixo (Ourense)",75,42.52,-8.22
Ameixenda-Filgueira,Pontevedra (Galicia),"Dumbria, Cee",58,42.57,-8.2
Ampliación Montejo,Burgos (Castilla y Leon),Valle de Valdebezana,3,42.9,-3.86
Aragón,Zaragoza (Aragon),La Muela,16,41.58,-1.12
Arbo,Pontevedra (Galicia),Arbo,2,42.141,-8.336
Arcos del Coronadero,Las Palmas (Canarias),San Bartolomé de Tirajana,5,27.802,-15.446
Areté,SC Tenerife (Tenerife),Granadilla de Abona ,8,28.122,-16.579
Argañoso,Leon (Castilla y Leon),"Santa Colomba de Samoza, Torre del Bierzo",11,42.534,-6.289
Arinaga Depuradora,Las Palmas (Canarias),Ingenio ,2,27.863,-15.419
Arrecife,SC Tenerife (Lanzarote),Lanzarote,4,28.99,-13.566
Arriello,Castellon (Comunidad Valenciana),"Castellfort, Villafranca del Cid, Ares del Maestre",33,40.466,-0.215
Arroyal,Burgos (Castilla y Leon),Alfoz de Quintanadueñas ,31,42.416,-3.769
Arteixo,La Coruna (Galicia),Arteixo ,1,43.298,-8.584
Artes Gráficas del Atlántico,Las Palmas (Canarias),Ingenio,4,27.918,-15.433
Arza I+D,Zaragoza (Aragon),Ejea de los Caballeros,1,42.123,-1.14
As Neves,Pontevedra (Galicia),As Neves ,3,42.088,-8.415
Ascoy I,Murcia,Cieza,9,38.273,-1.376
Ascoy II,Murcia,Cieza,2,38.271,-1.38
Atalaya de la Solana,Albacete (Castilla-La Mancha),Peñas de San Pedro,24,38.76,-2.055
Atalaya I,Zaragoza (Aragon),"Pedrola, Luceni",30,41.767,-1.265
Atalaya II,Zaragoza (Aragon),"Pedrola, Luceni",30,41.786,-1.278
Atlantida,Offshore,,0,27.65,-15.56
Ausines,Burgos (Castilla y Leon),Ausines,15,42.227,-3.6
Aviadores,Cadiz (Andalucía),Tarifa,4,36.01,-5.6
Ávila,Avila (Castilla y Leon),"Avila, Tornadizos",18,40.631,-4.509
Badaia,Alava (Euskadi),"Kuartango, Ribera Alta e Iruña Oka",30,42.85,-2.855
Bahía de Formas II,Las Palmas (Canarias),Santa Lucía de Tirajana ,4,27.845,-15.424
Bahía de Formas III,Las Palmas (Canarias),Santa Lucía de Tirajana ,10,27.845,-15.424
Bahía de Formas IV,Las Palmas (Canarias),Santa Lucía de Tirajana ,10,27.845,-15.424
Bailones,Ciudad Real (Castilla-La Mancha),"Alhambra, Membrilla",21,38.93,-3.18
Balcon de Balos,Las Palmas (Canarias),Agüimes ,4,27.865,-15.409
Ballestas et Casetona,Burgos (Castilla y Leon),"Castrojeriz, Vallejera",20,42.202,-4.163
Bandeleras,Salamanca (Castilla y Leon),"Palacios del Arzobispo, Zamayón",18,41.156,-5.854
Baos y Pumar Fase I,Asturias,"Salas, Valdes, Cudillero",36,43.502,-6.265
Baos y Pumar Fase II,Asturias,"Salas, Valdes, Cudillero ",11,43.502,-6.265
Barasoain,Navarra,Barasoain,12,42.605,-1.69
Barbanza I,La Coruna (Galicia),"Porto do Son, Pobra do Caramiñal",60,42.669,-8.962
Barbanza II,La Coruna (Galicia),"Porto do Son, Pobra do Caramiñal",27,42.64,-8.978
Barbers,Tarragona (Cataluna),Ascó,12,41.133,-0.583
Barchín,Cuenca (Castilla-La Mancha),Barchin del Hoyo,14,39.676,-2.076
Barranco de Tirajana,Las Palmas (Canarias),San Bartolomé (Gran Canaria),7,27.806,-15.436
Barrax,Albacete (Castilla-La Mancha),Barrax,1,39.09,-2.196
Barrax Norte Sur,Albacete (Castilla-La Mancha),Barrax,13,39.045,-2.203
Becerril,Palencia (Castilla y Leon),Becerril de Campos ,3,42.128,-4.635
Becerril II,Palencia (Castilla y Leon),Becerril de Campos,0,42.128,-4.635
Belchite,Zaragoza (Aragon),Belchite,30,41.302,-0.697
Belmonte,Asturias,Belmonte de Miranda,41,43.305,-6.274
Benalaz I,Valencia (Comunidad Valenciana),Enguera,25,38.958,-0.905
Benalaz II,Valencia (Comunidad Valenciana),Enguera,11,38.958,-0.905
Bermejo,SC Tenerife (Tenerife),Arico,0,28.152,-16.48
Bidueiros Fase I,Pontevedra (Galicia),"Fornelos de Montes, Covelo (Pontevedra), Avión (Ourense),",29,42.34,-8.45
Biscay Marine Energy Park,Offshore,,0,43.465,-2.88
Boira,Valencia (Comunidad Valenciana),Jarafuel,23,39.159,-1.13
Bolaños,Cadiz (Andalucía),Jeréz de la Frontera,12,36.68,-6.13
Boquerón,Albacete (Castilla-La Mancha),"Villa de Ves, Casas del Ves",11,39.171,-1.228
Boquerón I,Zaragoza (Aragon),Borja,33,41.83,-1.53
Boquerón II,Zaragoza (Aragon),Borja,22,41.83,-1.53
Boquerón III,Zaragoza (Aragon),Borja,20,41.83,-1.53
Bordecorex Norte,Soria (Castilla y Leon),Bordecorex,40,41.38,-2.72
Borja I,Zaragoza (Aragon),Borja,27,41.83,-1.53
Borja II (Arbolitas),Zaragoza (Aragon),Borja,30,41.875,-1.573
Bosque Alto,Zaragoza (Aragon),María de Huerva,29,41.54,-0.996
Boyal I,Zaragoza (Aragon),Borja,1,41.83,-1.53
Boyal II,Zaragoza (Aragon),Borja,1,41.83,-1.53
Boyal III,Zaragoza (Aragon),Mallén,1,41.885,-1.439
Breña,Albacete (Castilla-La Mancha),Pinilla,24,38.689,-2.322
Brulles,Burgos (Castilla y Leon),Villadiego,20,42.517,-4.007
Buenavista,Cadiz (Andalucía),Barbate,26,36.19,-5.92
Buio,La Coruna (Galicia),Concello de Valadouro,31,43.48,-8.14
Bullana,Soria (Castilla y Leon),"Arcos de Jalón, Almaluez, Medinaceli ",19,41.26,-2.38
Bureba,Burgos (Castilla y Leon),"Monasterio de Rodilla, Galbarros, Briviesca, Santa Olalla de Bureba, Reinoso, Quintanavides",6,42.541,-3.41
Buseco,Asturias,,10,43.441,-6.643
Bustelo,La Coruna (Galicia),"As Pontes, Muras",76,43.46,-7.79
Cabanillas II,Navarra,Cabanillas ,0,42.032,-1.528
Cabeza del Conde,Toledo (Castilla-La Mancha),Madridejos,4,39.531,-3.515
Cabeza Mesá,Avila (Castilla y Leon),"San Juan del Olmo, Vadillo de la Sierra ",15,40.653,-5.05
Cabeza Morena Dueñas,Albacete (Castilla-La Mancha),El Bonillo,25,38.98,-2.651
Cabezo de San Roque,Zaragoza (Aragon),Muel,31,41.46,-1.09
Cabezo Negro I+D,Zaragoza (Aragon),Jaullín ,1,41.453,-0.995
Cabezuelo,Albacete (Castilla-La Mancha),Maranchón,15,41.024,-2.179
Cabildo,Offshore,,0,27.83,-15.35
Cabimonteros,Logroño (La Rioja),Robles del Arnedillo,75,42.248,-2.254
Cabo Vilano I,La Coruna (Galicia),Camariñas ,3,43.129,-9.185
Cabo Vilano II A.I.E.,La Coruna (Galicia),Camariñas,20,43.154,-9.211
Cabo Vilano II Repowering.,La Coruna (Galicia),Camariñas,2,43.13,-9.19
Cabrillas,Castellon (Comunidad Valenciana),Portell de Morella,19,40.53,-0.26
Cadeira,Lugo (Galicia),"Trabada, Riotorto, A Pontenova, Lourenza",6,43.425,-7.33
Caldereros,Guadalajara (Castilla-La Mancha),"Hombrados, Pobo de Dueñas",21,40.807,-1.584
Callejas,Cuenca (Castilla-La Mancha),Olmedilla,33,39.633,-1.813
Caluengo,Navarra,"Peralta, Funés",33,42.32,-1.832
Campalbo,Cuenca (Castilla-La Mancha),"Graja, Campalbo",58,39.888,-1.25
Campanario,Burgos (Castilla y Leon),"Carcedo de Burgos, Revillarruz ",19,42.253,-3.638
Campisábalos,Guadalajara (Castilla-La Mancha),Campisabalos,37,41.296,-3.173
Campo das Cruces,Pontevedra (Galicia),Forcarei,1,42.725,-8.134
Campo de Borja,Zaragoza (Aragon),Borja,3,41.83,-1.53
Campoliva I,Zaragoza (Aragon),Villamayor de Gállego,0,41.674,-0.783
Campoliva II,Zaragoza (Aragon),"Alfajarín, Villamayor de Gállego",18,41.645,-0.739
Cañada La Barca,Las Palmas (Fuerteventura),Pájara (Fuerteventura),5,28.161,-14.255
Cañada La Barca (del Río),Las Palmas (Fuerteventura),Pájara ,45,28.163,-14.249
Canalejas,Soria (Castilla y Leon),"Montejo Tiermes, Retortillo",22,41.37,-3.2
CanArray,Offshore,,0,27.78,-15.39
CanArray II,Offshore,,0,27.78,-15.38
Canary Island Test Area,Offshore,,0,28.34,-15.45
Canaseca,Teruel (Aragon),"Blesa, Moyuela",0,41.051,-0.89
Cañoneras,Cantabria,Ramales de la Victoria,21,43.145,-3.496
Cañoneras II,Cantabria,Soba ,17,43.145,-3.496
Canredondo I,Guadalajara (Castilla-La Mancha),"Canredondo, Torrecuadradilla",14,40.811,-2.548
Cantalejos,Sevilla (Andalucía),Osuna ,7,37.237,-5.103
Cantalojas,Guadalajara (Castilla-La Mancha),Cantalojas,17,41.23,-3.24
Cantalojas Ampliación,Guadalajara (Castilla-La Mancha),Cantalojas,7,41.23,-3.24
Cantiruela,Burgos (Castilla y Leon),Valle de Senado,10,42.72,-3.75
Caparroso,Navarra,Caparroso ,44,42.302,-1.634
Capiechamartín,Asturias,"Villayón, Valdés",0,43.448,-6.708
Capiruza I,Albacete (Castilla-La Mancha),"Albacete, Peñas de San Pedro",25,38.785,-1.992
Capiruza II,Albacete (Castilla-La Mancha),Peñas de San Pedro,21,38.785,-1.992
Caramonte,Soria (Castilla y Leon),Medinaceli ,22,41.125,-2.429
Carba,Lugo (Galicia),"Muras, Villalba",30,43.42,-7.64
Carballeira,Lugo (Galicia),"As Pontes de García Rodríguez (A Coruña), Xermade (Lugo)",37,43.39,-7.83
Carcelén,Albacete (Castilla-La Mancha),Carcelén,62,39.092,-1.318
CARDON,Offshore,,0,27.78,-15.32
Careón,La Coruna (Galicia),"Melide, Toques",30,42.91,-8.01
Carondio y Muriellos,Asturias,"Allande, Villayón",25,43.334,-6.724
Carracedo,Lugo (Galicia),"A Pastoriza, Mondonedo",3,43.384,-7.367
Carrascalejo y Monte Alto,Soria (Castilla y Leon),Medinaceli ,10,41.173,-2.437
Carrascosa,Cuenca (Castilla-La Mancha),Campos del Paraíso,19,40.009,-2.761
Carrasquillo,Palencia (Castilla y Leon),"Astudillo, Pedrosa del Príncipe",58,42.229,-4.178
Carratorres,Valladolid (Castilla y Leon),Valdenebro de los Valles,0,41.856,-4.973
Carrecastro,Valladolid (Castilla y Leon),"Tordesillas, Velliza",4,41.591,-4.97
Carretera Arinaga ,Las Palmas (Canarias),Agüimes ,9,27.859,-15.405
Casa,Lugo (Galicia),"Guitiriz, Villalba",13,43.231,-7.789
Casa del Aire I,Albacete (Castilla-La Mancha),Bonillo,28,38.95,-2.54
Casa del Aire II,Albacete (Castilla-La Mancha),Romica,34,39.06,-1.83
Castelo,La Coruna (Galicia),"Coristanco, Tordoia",25,43.09,-8.69
Castil de Tierra,Soria (Castilla y Leon),Tejado,20,41.566,-2.296
Castilfrío,Soria (Castilla y Leon),Castilfrio,33,41.948,-2.286
Castillo Garcimuñoz,Cuenca (Castilla-La Mancha),"Pinarejo, Castillo de Garcimuñoz",17,39.659,-2.381
Cavar 1,Navarra,"Cadreita, Valtierra",0,42.218,-1.696
Cavar 2,Navarra,"Cadreita, Valtierra",0,42.218,-1.696
Cavar 3A,Navarra,Valtierra,0,42.196,-1.642
Cavar 3B,Navarra,Valtierra,0,42.196,-1.642
Caxado,La Coruna (Galicia),"As Pontes, Mañón",37,43.58,-7.79
Celada Fusión,Palencia (Castilla y Leon),"Valle de Cerrato,",10,41.88,-4.363
Celada I,Palencia (Castilla y Leon),"Hornillos de Cerrato, Torquemada, Herrera de Valdecañas ",17,42.027,-4.218
Celada V,Palencia (Castilla y Leon),"Herrera de Valdecañas, Villahán ",13,42.049,-4.176
Central Hidroeólica de El Hierro,El Hierro (Canarias),Valverde,5,27.809,-17.924
Centro Investigación de la Energía (ITC-ENERCON),Las Palmas (Canarias),Santa Lucía de Tirajana,2,27.913,-15.541
Cerro Becerril,Leon (Castilla y Leon),"Lucillo,Sta,Coloma de Somoza",9,42.41,-6.3
Cerro Blanco (Albacete),Albacete (Castilla-La Mancha),Pinilla,32,38.731,-2.417
Cerro Blanco (Burgos),Burgos (Castilla y Leon),"Galbarros, Briviesca, Reinoso, Salinillas del Bureba",21,42.538,-3.407
Cerro Calderón,Cuenca (Castilla-La Mancha),"Paredes, Alcazar del Rey",33,39.454,-2.242
Cerro Conilete,Cadiz (Andalucía),Vejer de la Frontera,3,36.254,-5.962
Cerro de Atalaya ,Zaragoza (Aragon),Cadrete ,1,41.556,-0.955
Cerro de la Higuera,Málaga (Andalucía),"Ardales, Teba ",22,36.926,-4.885
Cerro de la Nevera,Valencia (Comunidad Valenciana),"La Yesa, Chelva, Andilla ",21,39.892,-0.96
Cerro de la Oliva,Toledo (Castilla-La Mancha),"Almonacid, Nambroca, Villaminaya",5,39.751,-3.906
Cerro de la Punta,Albacete (Castilla-La Mancha),Higueruela,37,38.986,-1.385
Cerro de la Silla,Albacete (Castilla-La Mancha),Almansa,18,38.806,-0.953
Cerro del Palo,Cuenca (Castilla-La Mancha),"Tébar, Atalaya Cañavete",33,39.451,-2.227
Cerro Durán,Sevilla (Andalucía),"Los Corrales, El Saucejo, Almargen ",23,37.077,-5.014
Cerro Gavira,Málaga (Andalucía),"Campillos, Sierra de Yeguas ",21,37.101,-4.881
Cerro Moreno,Toledo (Castilla-La Mancha),"Nambroca, Almonacid",3,39.687,-3.223
Cerro Negro,Valencia (Comunidad Valenciana),Aras de los Olmos,8,39.924,-1.133
Cerro Revolcado,Albacete (Castilla-La Mancha),Caudete,31,38.729,-1.076
Cerro San Antón,Toledo (Castilla-La Mancha),Lillo,4,39.744,-3.292
Cerro Vicente,Albacete (Castilla-La Mancha),"Pozocañada, Chinchilla del Monte Aragón",46,38.83,-1.682
Cerro Vicente II,Albacete (Castilla-La Mancha),"Pozocañada, Chinchilla del Monte Aragón",35,38.83,-1.682
Cerros de Radona,Soria (Castilla y Leon),"Alcubilla de las Peñas, Medinaceli ",16,41.268,-2.425
Chambón Fase 1,Palencia (Castilla y Leon),Astudillo,25,42.17,-4.278
Chambón Fase 2,Palencia (Castilla y Leon),Astudillo,14,42.17,-4.278
Chan do Tenón,Lugo (Galicia),O Vicedo,28,43.73,-7.67
Chantada,Lugo (Galicia),"Chantada (Lugo), Rodeiro (La Coruña)",30,42.649,-7.89
Chao das Grallas,Asturias,Villanueva de Oscos,14,43.354,-6.97
Chimiche II,SC Tenerife (Tenerife),Granadilla de Abona ,0,28.122,-16.579
Chinchilla,Albacete (Castilla-La Mancha),,9,38.92,-1.727
Chorreaderos Altos,Cadiz (Andalucía),"San José del Valle, Jeréz de la Frontera",11,36.69,-6.13
Chorreaderos Bajos,Cadiz (Andalucía),Jeréz de la Frontera,15,36.68,-6.13
Chumillas,Cuenca (Castilla-La Mancha),Olmedilla,25,39.755,-2.045
Ciesma de Grisel,Zaragoza (Aragon),Grisel,18,41.861,-1.724
Cinseiro,Zamora (Castilla y Leon),Lubián,8,42.03,-6.91
Clares,Guadalajara (Castilla-La Mancha),"Maranchón, Luzón",16,41.03,-2.24
Cofrentes,Valencia (Comunidad Valenciana),,13,39.238,-1.142
Cogollos II (Fase A),Burgos (Castilla y Leon),Cogollos ,22,42.201,-3.699
Cogollos II (Fase B),Burgos (Castilla y Leon),Cogollos ,3,42.201,-3.699
Coll de la garganta,Tarragona (Cataluna),"El Molar, Torre del Español, La Figuera",13,41.163,-0.705
Coll de Moro I y II,Tarragona (Cataluna),"Batea, Gandesa, Bot, Vilalba dels Arcs",20,41.12,-0.409
Coll del Panissot,Lleida (Cataluna),Almatret,3,41.283,-0.429
Colladillo,Avila (Castilla y Leon),"Valdecasa, Narrillos del Rebollar, Balbarda ",17,40.654,-4.981
Collet deis Feixos,Tarragona (Cataluna),Duesaigües,6,41.182,-0.92
Colombino,Offshore,,0,27.84,-15.35
Complejo medioambiental de Arico Fase I,SC Tenerife (Tenerife),Arico,2,28.152,-16.48
Conesa I,Tarragona (Cataluna),Conesa ,15,41.506,-1.262
Conesa II,Tarragona (Cataluna),"Conesa, Forés ",16,41.506,-1.262
Corbera,Tarragona (Cataluna),Corbera D´Ebre ,22,41.126,-0.479
Cordal de Montouto,La Coruna (Galicia),"Aranga, Guitiriz",6,43.228,-7.949
Coriscada,La Coruna (Galicia),"Mañón, Ortigueira",40,43.67,-7.73
Corme,La Coruna (Galicia),Ponteceso,68,43.284,-8.954
Corral Nuevo,Burgos (Castilla y Leon),Ayoluengo,20,42.743,-3.869
Corralejo,Las Palmas (Fuerteventura),Corralejo ,2,28.747,-13.874
Cortijo de Guerra I,Cadiz (Andalucía),Puerto Real,15,36.499,-6.074
Cortijo de Guerra II,Cadiz (Andalucía),Puerto Real,17,36.53,-6.19
Cortijo de Iruelas,Cadiz (Andalucía),Tarifa,17,36.01,-5.6
Cortijo La Linera,Málaga (Andalucía),"Campillos, Teba ",14,37.045,-4.861
Coruxeiras,Lugo (Galicia),Muras,31,43.489,-7.651
Corzán,La Coruna (Galicia),Negreira,48,42.923,-8.848
Coto de Codesas,La Coruna (Galicia),"Boimorto, Melida, Sobrado, Toques",20,42.989,-8.024
Coto de Codesas II,La Coruna (Galicia),"Sobrado, Boimorto ",25,42.989,-8.024
Coto Teixido,Lugo (Galicia),"As Pontes, Mañón",35,43.52,-7.73
Coucepenido,La Coruna (Galicia),"Cedeira, Ortigueira",38,43.72,-7.94
Couteiro,Lugo (Galicia),Ourol ,4,43.557,-7.636
Couto de San Sebastian,Pontevedra (Galicia),Concellos de Estrada,9,42.69,-8.49
Cova da Serpe,Lugo (Galicia),"Friol, Guitiriz ",12,43.092,-7.915
Cova da Serpe Ampliación,Lugo (Galicia),"Friol, Guitiriz",12,43.094,-7.9
Cristobailones,Ciudad Real (Castilla-La Mancha),"Membrilla, Valdepeñas, San Carlos del Valle, Alhambra",21,38.828,-3.309
Cruz de Carrutero ,Palencia (Castilla y Leon),"Cardeñosa de Volpejera, Villamuera de la Cueza, Villanueva de Rebollar ",24,42.251,-4.719
Cruz de Hierro,Avila (Castilla y Leon),"Sta, Maria del Cubillo",22,40.72,-4.47
Cruz de Hierro Ampliación,Avila (Castilla y Leon),"Sta, Maria del Cubillo",4,40.72,-4.47
Cruz I,Cuenca (Castilla-La Mancha),San Martín de Boniches,47,39.858,-1.58
Cruz II,Cuenca (Castilla-La Mancha),San Martín de Boniches,31,39.858,-1.58
Cuadramón,Lugo (Galicia),"Alfoz, Abadin",25,43.44,-7.42
Cuesta Colorada,Cuenca (Castilla-La Mancha),"Tébar, Atalaya Cañavete",33,39.466,-2.206
Cuesta Mañera,Palencia (Castilla y Leon),Ampudia,33,41.91,-4.78
Cueva Blanca,Las Palmas (Canarias),Agaete,4,28.104,-15.691
Cueva Dorada,Granada (Andalucía),Loja,23,37.17,-4.15
Cuevas de Velasco,Cuenca (Castilla-La Mancha),"Torrejoncillo del Rey, Huerta de la Obispalía",19,40.0,-2.528
Curiscao Fase I,Asturias,"Salas, Valdes",50,43.471,-6.309
Curiscao Fase II,Asturias,"Salas, Valdes ",8,43.471,-6.309
Currás,La Coruna (Galicia),Currasy Mazaricos,6,42.94,-8.99
Dehesa de Mallén,Zaragoza (Aragon),Mallén,0,41.885,-1.439
Dehesa de Tablares,Palencia (Castilla y Leon),Puebla de Valdivia ,1,42.675,-4.611
Dehesa del Coscojar,Zaragoza (Aragon),Plasencia de Jalón,25,41.711,-1.265
Dehesa Virginia,Albacete (Castilla-La Mancha),Alatoz,15,39.068,-1.343
DemoSATH,Offshore,,1,43.47,-2.88
Deva,Pontevedra (Galicia),"Melón (Ourense), Covelo, A Cañiza (Pontevedra)",66,42.266,-8.27
Do Vilán,La Coruna (Galicia),Camariñas,13,43.149,-9.19
Dólar I,Granada (Andalucía),"Huenéja, Dólar",25,37.18,-2.97
Dólar II,Granada (Andalucía),"Dólar, Ferreira",21,37.18,-3.01
Dólar III,Granada (Andalucía),"Dólar, Ferreira",4,37.18,-3.01
Doña Benita Cuellar,Cadiz (Andalucía),Jeréz de la Frontera,16,36.589,-5.991
Doramas,Las Palmas (Canarias),Agüimes ,1,27.904,-15.442
Dos Picos,Palencia (Castilla y Leon),Magaz de Pisuerga,2,41.989,-4.495
Dos Pueblos,Guadalajara (Castilla-La Mancha),"Miedes de Atienza, Bañuelos",10,41.28,-2.94
Dueñas,Palencia (Castilla y Leon),Costrarroleña,4,41.88,-4.55
DUNAS,Offshore,,0,27.82,-15.32
Echagüe,Navarra,"Oloriz, Unzué",36,42.67,-1.597
Ecovent CAT II y III,Tarragona (Cataluna),Tortosa,37,40.81,-0.52
EEE (Repotenciado),Cadiz (Andalucía),Tarifa,16,36.019,-5.603
El Acebo,Asturias,Grandas de Salime,27,43.148,-6.958
El Águila,Zaragoza (Aragon),Pedrola,15,41.728,-1.301
El Aguila II-Aguila III,Zaragoza (Aragon),"Pedrola, Aragón",9,41.789,-1.227
El Álamo,Málaga (Andalucía),Campillos ,18,37.045,-4.861
El Balsón,Huesca (Aragon),Gurrea de Gállego,9,42.013,-0.765
El Bancal,Cadiz (Andalucía),Tarifa,10,36.01,-5.6
El Bayo,Zaragoza (Aragon),"Pedrola, Luceni",60,41.788,-1.321
El Cabezo,Zaragoza (Aragon),María de Huerva,0,41.54,-0.996
El Cabrito,Cadiz (Andalucía),Tarifa,102,36.044,-5.562
El Cabrito-La Locustura (Laese),Cadiz (Andalucía),Tarifa,1,36.01,-5.6
El Campo (ES),Zaragoza (Aragon),"Mallén, Fréscano",6,41.885,-1.441
El Candal,Asturias,"Boal, Castropol",19,43.398,-6.93
El Canto,Burgos (Castilla y Leon),Valle de Manzanedo,29,42.9,-3.69
El Carrascal II,Almeria (Andalucía),"Serón, Tíjola",14,37.34,-2.47
El Carrascal I ,Almeria (Andalucía),"Serón, Tíjola",25,37.34,-2.47
El Carril,Burgos (Castilla y Leon),"Castrojeriz, Pedrosa del Príncipe",9,42.27,-4.17
El Carril II,Burgos (Castilla y Leon),"Castrojeriz, Pedrosa del Príncipe ",5,42.249,-4.199
El Castre,Palencia (Castilla y Leon),"Pedraza de Campos, Torremormojón ",16,41.973,-4.753
El Cayo,Soria (Castilla y Leon),"Oncala,Huérteles,S,Pedro Manrique",33,41.99,-2.325
El Centenar,Huelva (Andalucía),Puebla de Guzmán ,20,37.611,-7.246
El Cerro,Burgos (Castilla y Leon),"Valle de Sedano, los Alto de Dobro",30,42.87,-3.639
El Cerro Ampliación,Burgos (Castilla y Leon),"Valle de Sedano, Los Altos",12,42.72,-3.74
El Chaparro,Guadalajara (Castilla-La Mancha),Villaverde del Ducado,8,41.014,-2.506
El Colmenar II,Almeria (Andalucía),"Abrucena, Fiñana ",10,37.137,-2.834
El Conjuro,Granada (Andalucía),Motril-Gualchos,36,36.811,-3.493
El Coscojar II,Zaragoza (Aragon),"Plasencia de Jalón, Pedrola",14,41.733,-1.235
El Coterejón I,Burgos (Castilla y Leon),Merindad de Valdeporres ,9,43.021,-3.769
El Coterejón II,Burgos (Castilla y Leon),"Merindad de Vadeporres, Valle de Valdebezana ",3,43.021,-3.769
El Cuadrón,Palencia (Castilla y Leon),"Hornillos de Cerrato, Torquemada",11,41.96,-4.26
El Escambrons,Lleida (Cataluna),Almatret,16,41.287,-0.428
El Escepar,Cuenca (Castilla-La Mancha),Villalba del Rey,15,40.379,-2.626
El Escepar Ampliación,Cuenca (Castilla-La Mancha),Villalba del Rey,3,40.379,-2.626
El Espartal,Zaragoza (Aragon),Zaragoza,3,41.649,-0.89
El Gallego,Cadiz (Andalucía),Tarifa,30,36.01,-5.6
El Gallo,Burgos (Castilla y Leon),"Villaquirán de los Infantes, Villaldemiro, Tamarón, Los Balbases",26,42.227,-4.008
El Gramal,Albacete (Castilla-La Mancha),"Romica (El Bonillo, El Ballestero)",44,39.06,-1.83
El Granado,Huelva (Andalucía),El Granado,17,37.54,-7.459
El Hierro,Zamora (Castilla y Leon),"Losacio, Losacino, Carbajales de Alba, Olmillos de Castro",14,41.688,-5.978
El Lanchal,Avila (Castilla y Leon),San Juan de la Nava,25,40.479,-4.682
El Llano,Zaragoza (Aragon),Rueda de Jalón,0,41.633,-1.277
El Manzanal,Leon (Castilla y Leon),Brazuelo,45,42.5,-6.16
El Marquesado,Cadiz (Andalucía),Puerto Real,7,36.576,-6.152
El Moral,Ciudad Real (Castilla-La Mancha),Moral de Calatrava,20,38.84,-3.593
El Moralejo I,Albacete (Castilla-La Mancha),Romica,3,39.005,-1.37
El Moralejo II,Albacete (Castilla-La Mancha),Alpera ,6,39.005,-1.37
El Motarro,Tarragona (Cataluna),Vandellòs i L´Hospitalet de L´Intant,2,41.02,-0.83
El Mulatón,Valencia (Comunidad Valenciana),Ayora,19,39.031,-1.143
El Navazo Fase I,Burgos (Castilla y Leon),Pedrosa del Príncipe,35,42.25,-4.2
El Navazo Fase II,Burgos (Castilla y Leon),"Pedrosa del Príncipe, Castrojeriz Astudillo",5,42.26,-4.18
El Negredo,Burgos (Castilla y Leon),Merindad de Río Ubierna ,9,42.587,-3.736
El Nogal,Burgos (Castilla y Leon),"Carcedo de Burgos, Cardeñadijo ",12,42.303,-3.635
El Olivillo,Cadiz (Andalucía),Jeréz de la Frontera ,17,36.687,-6.137
El Pandero,Cadiz (Andalucía),Tarifa,10,36.01,-5.6
El Páramo,Burgos (Castilla y Leon),Alfoz de Quintanadueñas ,16,42.392,-3.761
El Pedrón,Leon (Castilla y Leon),Santa Coloma de Somoza,27,42.445,-6.245
El Peralejo,Cuenca (Castilla-La Mancha),"Villalba del Rey, Tinajas",13,40.351,-2.61
El Perdón,Navarra,"Zariquiegui, Astráin",40,42.73,-1.74
El Perul,Burgos (Castilla y Leon),"Valladiego, Urbel del Castillo",31,42.578,-3.867
El Pical,Palencia (Castilla y Leon),Barruelo de Santillán,30,42.91,-4.27
El Pilar,Zaragoza (Aragon),La Muela,25,41.58,-1.12
El Pino,Cadiz (Andalucía),Los Barrios,11,36.19,-5.49
El Poleo,Valladolid (Castilla y Leon),Castromonte,14,41.773,-5.041
El Pradillo,Zaragoza (Aragon),"Agón, Borja, Fréscano",0,41.874,-1.452
El Puerto (Unificado),Teruel (Aragon),Cuevas de Almadén,38,40.766,-0.8
El Pulpal,Soria (Castilla y Leon),"Hinojosa del Campo, Ólvega, Pozalmuro",23,41.77,-2.03
El Puntal,Málaga (Andalucía),Sierra de Yeguas ,13,37.17,-4.846
El Raso,Palencia (Castilla y Leon),Fuentes de Valdepero,3,42.064,-4.449
El Rebollar,Palencia (Castilla y Leon),Hontoria de Cerrato,3,41.918,-4.38
El Redondal Fase 1,Leon (Castilla y Leon),"Castropodame, Turienzo Castañero",17,42.544,-6.421
El Redondal Fase 2,Leon (Castilla y Leon),"Castropodame, Turienzo Castañero",19,42.544,-6.421
El Relumbrar,Albacete (Castilla-La Mancha),Alpera ,20,38.959,-1.235
El Rincón,Avila (Castilla y Leon),"San Juan del Olmo, Balbarda ",4,40.637,-5.01
El Rodeo,Las Palmas (Canarias),San Bartolomé de Tirajana,6,27.802,-15.446
El Romeral,Albacete (Castilla-La Mancha),Chinchilla de Montearagón ,17,38.919,-1.723
El Ruedo,Cadiz (Andalucía),Tarifa,20,36.01,-5.6
El Sardón,Huelva (Andalucía),El granado,30,37.54,-7.451
El Saso,Zaragoza (Aragon),Aguilón,3,41.294,-1.048
El Saucito,Huelva (Andalucía),El Almendro ,18,37.58,-7.146
El Segredal,Asturias,Villayón,18,43.421,-6.665
El Sotillo-Tablares,Zaragoza (Aragon),"Lumpiaque, Rueda de Jalón, Plasencia de Jalón",8,41.66,-1.27
El Tablado,Soria (Castilla y Leon),"Borobia, Beratón",30,41.693,-1.834
El Teruelo,Palencia (Castilla y Leon),"Melgar de Yuso, Villodré, Astudillo",51,42.22,-4.27
El Tesorillo,Cadiz (Andalucía),Jimena de la Frontera,12,36.435,-5.454
El Toranzo,Soria (Castilla y Leon),Cueva de Agreda-Borobia,30,41.718,-1.917
El Toranzo Ampliación,Soria (Castilla y Leon),Olvega Borobia,11,41.718,-1.917
El Valle Valdenavarro,Navarra,Cortes,0,41.922,-1.43
El Venzo,Cadiz (Andalucía),"Medina, Sidonia",4,36.463,-5.945
El Viudo I,Valencia (Comunidad Valenciana),La Yesa,16,39.941,-0.921
El Viudo II,Valencia (Comunidad Valenciana),La Yesa,13,39.93,-0.926
Elgea,Alava (Euskadi),"Onati, Aretxabaleta",37,42.963,-2.489
Elgea Ampliación,Guipuzkoa (Euskadi),"Onati, Aretxabaleta",3,42.961,-2.498
Elgea-Urkilla,Alava (Euskadi),"Barundia, Donemiliaga",38,42.958,-2.446
Elican,Offshore,,1,28.04,-15.36
Encinedo,Palencia (Castilla y Leon),"Hornillos de Cerrato, Baltanás",15,41.96,-4.26
Encinillas,Palencia (Castilla y Leon),Paredes de Nava,0,42.153,-4.697
Enix,Almeria (Andalucía),Enix,40,36.88,-2.6
Entredicho,Zaragoza (Aragon),Fuendetodos,18,41.326,-0.947
Epina,SC Tenerife (La Gomera),Vallehermoso (La Gomera),2,28.17,-17.306
Era del Pico,Leon (Castilla y Leon),"Mallonseca, Castropodame, T,Bierzo",14,42.57,-6.58
Eras de Bonete,Albacete (Castilla-La Mancha),Bonete,0,38.871,-1.351
Es Milá,Baleares,Menorca ,4,39.918,-4.259
Escalón,Guadalajara (Castilla-La Mancha),"Maranchón, Luzón",15,41.03,-2.24
Escucha (Unificado),Teruel (Aragon),Escucha,29,40.77,-0.84
Escurrillo,Logroño (La Rioja),"Villaroya, Quel, Autol",33,42.259,-2.197
Esdras Canarias,Offshore,,0,27.8,-15.4
Espina,Leon (Castilla y Leon),La Espina ,9,42.79,-4.908
Esquileo I,Palencia (Castilla y Leon),Ampudia ,25,41.914,-4.78
Experimental Barasoain,Navarra,,5,42.606,-1.678
Experimental Vedadillo,Navarra,Falces,3,42.399,-1.835
Faladoira I,La Coruna (Galicia),"Mañón, Ortigueira ",37,43.58,-7.79
Farelo,Pontevedra (Galicia),"Rodeiro, Agolada (Pontevedra), Antas de Ulla (Lugo)",18,42.745,-7.939
Farlan,Teruel (Aragon),Muniesa,12,41.032,-0.815
Farrapa,Lugo (Galicia),"Abadín, Mondoñedo, Pastoriza ",10,43.383,-7.364
Fatarella,Tarragona (Cataluna),La Fatarella,21,41.175,-0.5
Ferreira II,Granada (Andalucía),"Ferreira, La Calahorra",25,37.18,-3.05
Finca de Mogan I,SC Tenerife (Tenerife),Arico (Tenerife),33,28.164,-16.446
Finca de Mogan II,SC Tenerife (Tenerife),Arico (Tenerife),20,28.178,-16.479
Finca de San Antonio,Las Palmas (Canarias),Gran Canaria ,5,27.848,-15.424
Fiouco,Lugo (Galicia),Abadín,15,43.428,-7.549
Floating Power Plant - PLOCAN,Offshore,,0,28.05,-15.35
Flocan 5,Offshore,,5,27.765,-15.392
FLOTANT,Offshore,,0,28.65,-15.59
Folch I,Castellon (Comunidad Valenciana),Castellfort,33,40.479,-0.199
Folch II,Castellon (Comunidad Valenciana),Castellfort,10,40.491,-0.188
Fonsagrada,Lugo (Galicia),"A Fonsagrada, Castroverde, Baleira, Ribeira de Piquín, Pol",69,43.13,-7.07
Fonteavia I,Pontevedra (Galicia),"A Lama, Fomelos, Covelo",16,42.22,-8.37
Fonteavia II,Pontevedra (Galicia),"A Lama, Fomelos, Covelo",22,42.21,-8.37
Fontesilva,La Coruna (Galicia),"Santa Comba, Coristanco ",12,43.11,-8.818
Fontesilva II,La Coruna (Galicia),"Santa Comba, Coristanco",0,43.11,-8.818
Forgoselo,La Coruna (Galicia),"Capelo, San Sadurniño",37,43.54,-8.01
FOWCA,Offshore,,0,27.81,-15.31
Francisco Borja,Zaragoza (Aragon),"Borja, Fréscano",0,41.874,-1.452
Fréscano,Zaragoza (Aragon),Fréscano,7,41.874,-1.452
Fuencaliente,SC Tenerife (La Palma),Fuencaliente (La Palma),8,28.461,-17.835
Fuendetodos I,Zaragoza (Aragon),"Fuendetodos, Villanueva de Huer",23,41.353,-0.96
Fuendetodos II,Zaragoza (Aragon),"Fuendetodos, Villanueva de Huer",56,41.375,-0.957
Fuente de la Arena,Albacete (Castilla-La Mancha),Romica,15,38.993,-1.34
Fuente Salada,Burgos (Castilla y Leon),"Castellanos de Castro, Sasamón",29,42.329,-4.034
Fuente Vaín,Burgos (Castilla y Leon),Carcedo de Burgos ,16,42.275,-3.629
Fuerteventura Renovable II,Las Palmas (Canarias),La Oliva,2,28.61,-13.928
Gamesa 5MW Test Turbine,Offshore,,1,27.85,-15.4
Gamoide,Lugo (Galicia),"Cervo,O Valadouro, Foz",25,43.581,-7.466
Gascuena Este,Cuenca (Castilla-La Mancha),"Gascuena, Olmeda de la Cuesta",0,40.311,-2.477
Gatún I,Logroño (La Rioja),"Arnedillo, Robres del Castillo, Ocón",33,42.151,-2.041
Gatún II (1F),Logroño (La Rioja),"Arnedillo, Robres del Castillo, Ocón",11,42.151,-2.041
Gavilanes,Murcia,"Yecla, Jumilla",33,38.602,-1.291
GEROA,Offshore,,0,43.52,-2.87
GOFIO,Offshore,,0,27.79,-15.37
Goia Peñote,Lugo (Galicia),"Muras, Xermade, Vilalba",43,43.423,-7.694
Gomera (Fase A),Sevilla (Andalucía),Osuna,9,37.237,-5.103
Goya,Zaragoza (Aragon),"Aguilón, Azuara, Herrera de los Navarros",81,41.259,-1.005
Grado,Soria (Castilla y Leon),"Ayllón, Montejo de Tiermes",32,41.4,-3.29
Graiade,La Coruna (Galicia),Porto do Son ,11,42.689,-8.998
Gran Canaria Este,Offshore,,0,27.79,-15.35
Granadilla I,SC Tenerife (Tenerife),Granadilla de Abona ,1,28.12,-16.577
Granadilla II,SC Tenerife (Tenerife),Granadilla de Abona ,1,28.12,-16.577
Granadilla III,SC Tenerife (Tenerife),Granadilla de Abona ,8,28.07,-16.514
Grijota,Palencia (Castilla y Leon),Monzón de Campos,6,42.101,-4.485
Grisel II,Zaragoza (Aragon),Grisel,4,41.861,-1.724
GUANCHE,Offshore,,0,27.67,-15.56
Guijo I,Guadalajara (Castilla-La Mancha),"Anquela del Ducado, Selas, Mazarete ",19,40.967,-2.161
Guijo II,Guadalajara (Castilla-La Mancha),"Anquela del Ducado, Selas, Mazarete ",13,40.967,-2.161
Haría,Las Palmas (Canarias),Agüimes ,1,27.904,-15.442
Hedroso-Aciberos,Zamora (Castilla y Leon),Lubián,37,42.03,-6.91
Hedroso-Aciberos Ampliacion ,Zamora (Castilla y Leon),Lubián ,7,42.035,-6.908
Higueruela,Albacete (Castilla-La Mancha),Higueruela,57,38.977,-1.443
Hijes,Guadalajara (Castilla-La Mancha),Hijes,20,41.279,-3.043
Hilada Honda,Zaragoza (Aragon),"Villar de los Navarros (Zaragoza), Loscos (Teruel)",0,41.119,-1.044
Hinojal I,Cadiz (Andalucía),Tarifa,7,36.01,-5.6
Hinojal II,Cadiz (Andalucía),Tarifa,4,36.01,-5.6
Hiperión II,Soria (Castilla y Leon),Suellacabras,20,41.852,-2.224
Hontalbilla I,Soria (Castilla y Leon),"Frechilla Almazán, Baraona, Villasayas",43,41.33,-2.64
Hontalbilla II,Soria (Castilla y Leon),"Adradas, Baraona",34,41.33,-2.58
Hornillos,Palencia (Castilla y Leon),"Hornillos de Cerrato, Baltanás",13,41.96,-4.26
Hoya Gonzalo,Albacete (Castilla-La Mancha),Romica,33,39.06,-1.83
Huéneja III,Granada (Andalucía),Huenéja,25,37.18,-2.95
Ibargoiti,Navarra,"Ibargoiti, Leoz, Ezprogui",40,42.65,-1.47
Icor,SC Tenerife (Tenerife),Arico,0,28.152,-16.48
Igea,Logroño (La Rioja),Igea,14,42.014,-2.068
Ignacio Molina,Málaga (Andalucía),Casares,4,36.42,-5.285
Ingenio (Arinaga GC-1),Las Palmas (Canarias),Ingenio,2,27.863,-15.419
Iniesta,Cuenca (Castilla-La Mancha),Iniesta,0,39.445,-1.756
Irixo,Ourense (Galicia),"Irixo, Piñor de Cea, Carballiño",11,42.52,-8.11
Isabela,Albacete (Castilla-La Mancha),Casas de Lázaro,64,38.711,-2.176
Izco,Navarra,"Lumbier, Albar, Ezprogui",50,42.642,-1.42
Jaufil,Granada (Andalucía),Zujar ,2,37.502,-2.87
Jaulin,Zaragoza (Aragon),Zaragoza,1,41.45,-0.983
Jerez,Cadiz (Andalucía),Jeréz de la Frontera ,22,36.583,-5.988
Juan Adalid,SC Tenerife (La Palma),Garafia (La Palma),9,28.839,-17.909
Juno,Soria (Castilla y Leon),"Aldehuelas, Villar del Rio, Suellacabras, Magaña",33,41.84,-2.25
La Bandera,Navarra,"Fustiñana, Cabanillas, Bardenas Reales",43,42.074,-1.473
La Bandera Ampliación,Navarra,"Fustiñana, Cabanillas, Bardenas Reales",1,42.074,-1.469
La Bobia - San Isidro,Asturias,Villanueva de Oscos,58,43.342,-6.889
La Brújula,Burgos (Castilla y Leon),"Monasterio de Rodilla, Valle de las Navas",35,42.46,-3.47
La Cabaña,Albacete (Castilla-La Mancha),Romica,49,39.06,-1.83
La Cabrera Ampliación,Valencia (Comunidad Valenciana),Buñol,4,39.42,-0.79
La Cabrera I,Valencia (Comunidad Valenciana),Buñol,4,39.42,-0.79
La Cabrera II,Valencia (Comunidad Valenciana),Buñol,16,39.42,-0.79
La Caldera,Burgos (Castilla y Leon),"Huérmeces, Villadiego ",15,42.522,-3.773
La Calera,Navarra,Enériz,3,42.653,-1.76
La Caleta,Las Palmas (Canarias),San Bartolomé de Tirajana,7,27.802,-15.446
La Calzada,Burgos (Castilla y Leon),Montorio ,16,42.598,-3.75
La Cámara,Málaga (Andalucía),"Ardales, Teba",4,36.935,-4.871
La Campaña,Navarra,Pueyo,3,42.566,-1.668
La Carracha,Zaragoza (Aragon),La Muela,66,41.58,-1.12
La Castellana (Spain),Cadiz (Andalucía),Puerto Real,21,36.536,-6.084
La Caya,Navarra,Olite ,3,42.449,-1.694
La Celaya,Lugo (Galicia),"Abadín, Vilalba",32,43.33,-7.59
La Cerradilla,Almeria (Andalucía),"Serón, Tíjola",25,37.34,-2.47
La Cerradilla II,Almeria (Andalucía),Serón,11,37.34,-2.51
La Collada,Tarragona (Cataluna),El Perelló ,1,41.176,-0.899
La Cometa 1,Zaragoza (Aragon),"Aguilón, Azuara, Herrera de los Navarros",0,41.259,-1.006
La Cometa 2,Zaragoza (Aragon),"Aguilón, Azuara, Herrera de los Navarros",0,41.259,-1.006
La Cotera,Burgos (Castilla y Leon),"Merindad de Valdeporres, Valle de Valdebezana ",9,42.971,-3.786
La Cotorra,Palencia (Castilla y Leon),"Merindad de Valdeporres, Valle de Valdebezana ",1,43.01,-3.742
La Cuerda,Albacete (Castilla-La Mancha),"Petrola, Chinchilla de MonteAragón",48,38.797,-1.473
La Cuesta,Málaga (Andalucía),Campillos ,14,37.045,-4.861
La Cueza,Leon (Castilla y Leon),Sahagún ,4,42.393,-4.914
La Dehesica,Albacete (Castilla-La Mancha),La Roda,19,39.157,-2.209
La Dehesilla I,Palencia (Castilla y Leon),Ampudia ,25,41.914,-4.78
La Dehesilla II,Palencia (Castilla y Leon),Ampudia ,25,41.914,-4.78
La Escalereta,Málaga (Andalucía),Cañete la Real ,3,36.951,-5.024
La Esperanza,Guadalajara (Castilla-La Mancha),Cantalojas,15,41.295,-3.218
La Estanca,Zaragoza (Aragon),"Mallén, Fréscano",8,41.885,-1.441
La Estancia,Cadiz (Andalucía),Vejer de la Frontera,3,36.252,-5.97
La Florida,Las Palmas (Canarias),Agüimes ,5,27.925,-15.573
La Fraila,Navarra,Olite,3,42.441,-1.697
La Fuensanta,Albacete (Castilla-La Mancha),"Alcadozo, Peñas de San Pedro",33,38.686,-2.021
La Gamoneda,Zamora (Castilla y Leon),"Lubián, Hermisende",65,41.996,-6.9
La Herrería,Cadiz (Andalucía),Tarifa,28,36.16,-5.721
La Joya (PEESA),Cadiz (Andalucía),Tarifa,12,36.01,-5.6
La Lastra,Burgos (Castilla y Leon),Huérmeces,7,42.559,-3.803
La Llacuna,Barcelona (Cataluna),,1,41.474,-1.53
La Loma,Teruel (Aragon),Aliaga,12,40.672,-0.703
La Lora,Burgos (Castilla y Leon),La Riba de Valdelucio,1,42.754,-4.051
La Lora II ,Burgos (Castilla y Leon),La Riba de Valdelucio ,31,42.754,-4.051
La Lora I ,Burgos (Castilla y Leon),La Riba de Valdelucio ,31,42.754,-4.051
La Losilla,Albacete (Castilla-La Mancha),Romica,14,38.896,-1.776
La Magdalena,Burgos (Castilla y Leon),"Merindad, Valdeporres, Valle Valdebezana",28,43.044,-3.834
La Mallada,Leon (Castilla y Leon),Lucillo,28,42.41,-6.3
La Manga,Cadiz (Andalucía),Tarifa,15,36.01,-5.6
La Mesa (ES),Burgos (Castilla y Leon),Los Altos,15,42.78,-3.65
La Muela II,Zaragoza (Aragon),La Muela,40,41.58,-1.12
La Muela III,Zaragoza (Aragon),La Muela,25,41.58,-1.12
La Muela Norte,Zaragoza (Aragon),La Muela,35,41.592,-1.124
La Muga I,Zaragoza (Aragon),"Gallur, Magallón",0,41.867,-1.321
La Muga II,Zaragoza (Aragon),"Mallén, Gallur, Magallón",0,41.885,-1.439
La Muga III,Zaragoza (Aragon),"Agón,",0,41.856,-1.455
La Muñeca,Palencia (Castilla y Leon),Ampudia,27,41.91,-4.78
La Nava (Málaga),Málaga (Andalucía),Cañete la Real ,14,36.911,-5.065
La Nava (Zaragoza),Zaragoza (Aragon),"Gallur, Magallón",0,41.846,-1.395
La Navica,Albacete (Castilla-La Mancha),La Roda,20,39.149,-2.188
La Noguera,Almeria (Andalucía),"Turrillas, Lucainena de las Torres ",13,37.023,-2.262
La Peña,Zaragoza (Aragon),"Sierra de Luna, Las Pedrosas",0,42.043,-0.897
La Peñuca,Burgos (Castilla y Leon),"Merindad Valdeporres, Merindad Sotoscueva",22,43.02,-3.7
La Plana I,Zaragoza (Aragon),La Muela,3,41.557,-1.102
La Plana I+D,Zaragoza (Aragon),La Muela,1,41.557,-1.102
La Plana I+D Ampliación,Zaragoza (Aragon),La Muela,1,41.557,-1.102
La Plana II,Zaragoza (Aragon),La Muela,25,41.542,-1.097
La Plana III,Zaragoza (Aragon),La Muela,35,41.545,-1.079
La Plata,Toledo (Castilla-La Mancha),Villarubia de Santiago,25,39.999,-3.351
La Plata Ampliación,Toledo (Castilla-La Mancha),Villarubia de Santiago,8,39.999,-3.351
La Rabia,Cadiz (Andalucía),Jeréz de la Frontera ,13,36.687,-6.231
La Retuerta (Fase B),Huelva (Andalucía),El Almendro ,19,37.507,-7.27
La Rinconada,Zaragoza (Aragon),"Herrera de los Navarros, Aguión, Azuara",0,41.253,-1.008
La Risa,Cadiz (Andalucía),Tarifa,6,36.01,-5.6
La Roca,SC Tenerife (Tenerife),Granadilla de Abona ,7,28.122,-16.579
La Ruya I+D,Palencia (Castilla y Leon),Aguilar del Campoo,1,42.79,-4.26
La Sarda,Zaragoza (Aragon),Sierra de Luna,0,42.047,-0.908
La Sarguilla,Albacete (Castilla-La Mancha),Villavaliente,1,39.111,-1.484
La Serreta + ampliación,Zaragoza (Aragon),Rueda de Jalón,75,41.69,-1.281
La Sía,Burgos (Castilla y Leon),Espinosa de los Monteros,27,43.15,-3.571
La Solana,Valencia (Comunidad Valenciana),Ayora,52,39.031,-1.143
La Sorda,Navarra,"Tafalla, Artajona ",4,42.543,-1.752
La Sotonera,Huesca (Aragon),"Gurrea de Gallego, Alcalá de Gurrea",12,42.085,-0.711
La Tahuna,Cadiz (Andalucía),Tarifa,10,36.01,-5.6
La Tella,Murcia,Jumilla,25,38.479,-1.324
La Torada,Burgos (Castilla y Leon),Merindad de Valdivieso,14,42.874,-3.642
La Torada Ampliación,Burgos (Castilla y Leon),Merindad de Valdivieso,3,42.874,-3.643
La Torre I,Cadiz (Andalucía),Tarifa,8,36.01,-5.6
La Torrecilla (Fase I),Teruel (Aragon),"Utrillas, Pancrudo, Martín del Río",19,40.794,-0.98
La Torrecilla (Fase II),Teruel (Aragon),"Utrillas, Pancrudo, Martín del Río",26,40.794,-0.98
La Unión,Murcia,La Unión,8,37.61,-0.862
La Valdivia,Sevilla (Andalucía),Osuna,19,37.14,-5.144
La Vaquería,Las Palmas (Canarias),Agüimes ,1,27.904,-15.442
La Vega I,Zamora (Castilla y Leon),Monfarracinos ,2,41.576,-5.718
La Vega II,Zamora (Castilla y Leon),Monfarracinos ,2,41.576,-5.718
La Vereda,Las Palmas (Canarias),San Bartolomé ,1,27.925,-15.573
La Victoria,Cadiz (Andalucía),Chiclana de la Frontera ,12,36.419,-6.149
La Zarzuela,Burgos (Castilla y Leon),"Los Balbases, Castrojeriz, Vallegera",22,42.183,-4.153
Labrada,Lugo (Galicia),Abadín,25,43.36,-7.48
Labradas I,Zamora (Castilla y Leon),"Villaferrueña, Arrabalde",28,42.117,-5.93
Labradas I Ampliación,Zamora (Castilla y Leon),"Villaferrueña, Arrabalde, Villagería, Alcubilla",15,42.117,-5.93
Lanternoso,Albacete (Castilla-La Mancha),"Bonillo, Villa Robledo",16,39.066,-2.674
Lanzarote Este,Offshore,,0,28.94,-13.5
Larriba,Logroño (La Rioja),"Munilla, Hornillos de Cameros, Ajamil",16,42.194,-2.388
Las Aldehuelas,Soria (Castilla y Leon),"Aldehuelas, Vizmanos, Arévalo de la Sierra, La Poveda, Sta, Cruz Yanguas",59,41.997,-2.44
Las Angosturas,Málaga (Andalucía),"Campillos, Tella",18,37.055,-4.859
Las Azubias,Zaragoza (Aragon),Rueda de Jalón,0,41.634,-1.278
Las Bodeguillas,Valencia (Comunidad Valenciana),Ayora,43,39.031,-1.143
Las Cabezas ,Huelva (Andalucía),Puebla de Guzmán ,11,37.61,-7.25
Las Canteras,Palencia (Castilla y Leon),Monzón de Campos,4,42.119,-4.49
Las Casillas I,Las Palmas (Canarias),San Bartolomé de Tirajana,5,27.802,-15.446
Las Colinas,Las Palmas (Canarias),"Santa Lucía de Tirajana, Agüimes",0,27.914,-15.494
Las Fuentes,Burgos (Castilla y Leon),Carcedo de Burgos ,9,42.287,-3.596
Las Gorgas,Zaragoza (Aragon),"Gurrea de Gallego, Alcalá de Gurrea",3,42.054,-0.697
Las Hoyuelas,Albacete (Castilla-La Mancha),Pinilla,40,38.817,-1.135
Las Llanas de Codés,Navarra,Azuelo,117,42.59,-2.34
Las Lomas (ES),Granada (Andalucía),"Lanjarón, El pinar",10,36.91,-3.518
Las Lomillas,Almeria (Andalucía),Abrucena ,6,37.182,-2.789
Las Majas VII A,Zaragoza (Aragon),"Herrera de los Navarros, Villar de los Navarros",0,41.209,-1.085
Las Majas VII B,Zaragoza (Aragon),"Fuendetodos, Azuara, Aguilón, Herrera de los Navarros",0,41.342,-0.962
Las Majas VII C,Zaragoza (Aragon),"Aguilón, Herrera de los Navarros",0,41.294,-1.048
Las Majas VII D,Zaragoza (Aragon),"Azuara, Moyuela",0,41.259,-0.876
Las Majas VII E,Zaragoza (Aragon),Herrera de los Navarros,0,41.209,-1.085
Las Monjas,Cadiz (Andalucía),"Medina, Sidonia ",14,36.463,-5.945
Las Monjas Fase II,Cadiz (Andalucía),"Medina, Sidonia",4,36.462,-5.929
Las Panaderas,Valladolid (Castilla y Leon),Castromonte,13,41.789,-5.027
Las Pardas,Burgos (Castilla y Leon),Valle de Sedano,33,42.72,-3.75
Las Perdices,Almeria (Andalucía),Nacimiento ,1,37.128,-2.688
Las Tadeas,Palencia (Castilla y Leon),"Cardeñosa de Volpejera, Paredes de Nava",11,42.232,-4.702
Las Traperas,Valladolid (Castilla y Leon),Medina del Campo,6,41.31,-4.933
Las Vegas,Cadiz (Andalucía),Medina-Sidonia ,10,36.508,-5.893
Las Viñas (Fase A),Burgos (Castilla y Leon),"Valle de Santibáñez, Merindad de Río Ubierna ",11,42.474,-3.744
Las Viñas (Fase B),Burgos (Castilla y Leon),"Valle de Santibáñez, Merindad de Río Ubierna ",8,42.474,-3.744
Layna,Soria (Castilla y Leon),Arcos de Jalón,25,41.101,-2.268
Leboreiro,Lugo (Galicia),Muras,32,42.89,-7.96
Lecrín,Granada (Andalucía),Lecrín ,6,36.959,-3.562
Leitza-Beruete,Navarra,"Beruete, Leitza",32,43.068,-1.86
Leoz,Navarra,Leoz,41,42.547,-1.584
Lerga,Navarra,Lerga ,41,42.58,-1.519
Les Calobres,Tarragona (Cataluna),El Perelló,17,40.883,-0.662
Les Colladetes,Tarragona (Cataluna),El Perelló,54,40.909,-0.693
Les Comes,Tarragona (Cataluna),Vilalba dels Arcs,2,41.12,-0.41
Les Forques,Tarragona (Cataluna),"Passanant, Vallbora de Les Mongues, Espuga de Francoli",15,41.5,-1.219
Les Forques II,Tarragona (Cataluna),Passanat,6,41.5,-1.219
Les Rotes,Lleida (Cataluna),"La Granadella, Bellaguarda",22,41.357,-0.605
Leste,Lugo (Galicia),"Ourol, O Valadouro",19,43.56,-7.55
Levantera,Cadiz (Andalucía),Tarifa,6,36.01,-5.6
Lezuza,Albacete (Castilla-La Mancha),Lezuza ,15,38.9,-2.349
Llanos de Juan Grande,Las Palmas (Canarias),San Bartolomé de Tirajana ,67,27.815,-15.444
Llanos de la Aldea,Las Palmas (Canarias),San Bartolomé de Tirajana,25,27.802,-15.446
Llanos de la Esquina,SC Tenerife (Tenerife),Arico,7,28.152,-16.48
Llanos de San Martín,Burgos (Castilla y Leon),"Quintanavides, Castil de Peones",21,42.454,-3.413
Llanos del Espino,Málaga (Andalucía),"Almargen, Teba ",19,36.992,-4.973
Lodoso,Burgos (Castilla y Leon),Pedrosa del Río Urbel ,33,42.427,-3.844
Loma de Almendarache,Cadiz (Andalucía),Tarifa,6,36.01,-5.6
Loma de Ayala,Almeria (Andalucía),"Nacimiento, Las Tres Villas ",10,37.154,-2.688
Loma de Lázaro,Cadiz (Andalucía),Alcalá de los Gazules,8,36.405,-5.776
Loma del Capón,Granada (Andalucía),Albuñuelas,17,36.956,-3.669
Loma del Suyal (Fase A),Cadiz (Andalucía),Vejer de la Frontera,1,36.254,-5.962
Loma del Suyal (Fase B),Cadiz (Andalucía),Vejer de la Frontera,1,36.254,-5.962
Loma Gorda (Guadalajara),Guadalajara (Castilla-La Mancha),Tartanedo,25,41.009,-1.948
Loma Gorda (Zaragoza),Zaragoza (Aragon),Fuendetodos,0,41.342,-0.962
Loma Viso,Albacete (Castilla-La Mancha),Albacete,1,39.044,-1.746
Loma Viso II ,Albacete (Castilla-La Mancha),Albacete ,1,39.044,-1.746
Lomas de las Peñuelas,Cadiz (Andalucía),Vejer de la frontera,3,36.254,-5.962
Lomas de Lecrín,Granada (Andalucía),Lecrín ,1,36.958,-3.575
Lomas de Manteca,Granada (Andalucía),Lecrín ,2,36.96,-3.572
Lomba (Lugo),Lugo (Galicia),"Xermade, Vilalba, Muras",30,43.36,-7.75
Lomba (Navarra),Navarra,Lodosa,3,42.442,-2.087
Lomillas,Cuenca (Castilla-La Mancha),Tébar,33,39.469,-2.171
Lomito Ramírez,Las Palmas (Canarias),Ingenio,1,27.93,-15.421
Lomo Cabezo,Las Palmas (Canarias),Agüimes ,3,27.886,-15.429
Lomo del Moral,Las Palmas (Canarias),San Bartolomé de Tirajana,5,27.802,-15.446
Los Alburejos,Cadiz (Andalucía),"Medina, Sidonia",5,36.459,-5.872
Los Angostillos,Palencia (Castilla y Leon),"Hornillos de Cerrato, Baltanás",14,41.975,-4.263
Los Arcos,Málaga (Andalucía),"Campillos, Teba, Almargen",0,37.032,-4.94
Los Barrancos,Málaga (Andalucía),Campillos ,10,37.045,-4.861
Los Campillos,Soria (Castilla y Leon),"Almazán, Barca, Velamazán",17,41.386,-2.571
Los Cantales,Zaragoza (Aragon),Rueda de Jalón,12,41.701,-1.353
Los Castríos,Burgos (Castilla y Leon),Espinosa de los Monteros,24,43.08,-3.55
Los Cerros (Unzué),Navarra,Unzué,3,42.65,-1.653
Los Cierzos,Zaragoza (Aragon),"Gallur, Magallón",0,41.846,-1.395
Los Collados,Burgos (Castilla y Leon),"Castrojeriz, Villasandino, Sasamon ",7,42.336,-4.108
Los Concejiles,Salamanca (Castilla y Leon),Sorihuela ,7,40.451,-5.702
Los Gigantes,Teruel (Aragon),"Blesa, Moyuela",0,41.051,-0.89
Los Granujales,Cadiz (Andalucía),Vejer de la Frontera,12,36.321,-5.963
Los Isletes,Cadiz (Andalucía),"San José del Valle, Jeréz de la Frontera ",16,36.564,-5.88
Los Jarales,Almeria (Andalucía),Abla ,8,37.18,-2.781
Los Labrados,Zaragoza (Aragon),"Zaragoza, Cadrete",32,41.56,-0.96
Los Lances,Cadiz (Andalucía),Tarifa,17,36.082,-5.663
Los Lirios,Huelva (Andalucía),San Silvestre de Gúzman ,24,37.374,-7.377
Los Llanos (Burgos),Burgos (Castilla y Leon),"Cogollos, Hontoria de la Cantera, Revillarruz",29,42.2,-3.7
Los Llanos (Málaga),Málaga (Andalucía),Casares,46,36.389,-5.284
Los Madroñales,Málaga (Andalucía),"Almargen, El Saucejo",17,37.002,-5.023
Los Monteros,Zaragoza (Aragon),Pedrola,0,41.789,-1.227
Los Morrones,Granada (Andalucía),"Baza, Zújar",15,37.503,-2.85
Los Pedreros,Albacete (Castilla-La Mancha),Fuente Alamo,30,38.701,-1.392
Los Siglos,Cadiz (Andalucía),Tarifa,10,36.01,-5.6
Los Sillones,Granada (Andalucía),Loja,23,37.17,-4.15
Los Valles,Las Palmas (Canarias),Teguise ,1,29.06,-13.564
Los Valles Repotenciado,Las Palmas (Canarias),Teguise ,9,29.095,-13.506
Los Visos,Zaragoza (Aragon),Rueda de Jalón,25,41.694,-1.414
Los Zapateros,Burgos (Castilla y Leon),"Los Balbases, Castrojeriz",26,42.214,-4.065
Losilla,Valencia (Comunidad Valenciana),Ayora ,16,39.058,-1.058
Lubián,Zamora (Castilla y Leon),Lubián,18,42.03,-6.91
Lubián Ampliación,Zamora (Castilla y Leon),Lubián,7,42.07,-6.91
Lucillo,Leon (Castilla y Leon),Lucillo,11,42.41,-6.3
Luna,Soria (Castilla y Leon),"Trévago, Fuentestrún, Valdegeña, Matalebreras, Villar del Campo",33,41.85,-2.1
Luzón Norte,Guadalajara (Castilla-La Mancha),"Maranchón, Luzón",19,41.051,-2.27
Magallón 26,Zaragoza (Aragon),Magallón,12,41.789,-1.422
Magaña,Soria (Castilla y Leon),Oncala,33,41.97,-2.31
Magaz,Palencia (Castilla y Leon),"Palencia, Magaz",15,41.992,-4.485
Majal Alto,Huelva (Andalucía),"Puebla de Guzmán, El Almendro ",25,37.611,-7.246
Majales,Albacete (Castilla-La Mancha),Masegoso,33,38.703,-2.381
Majogazas,Albacete (Castilla-La Mancha),"Penascosa, Masegoso",19,38.7,-2.35
Majogazas II,Albacete (Castilla-La Mancha),"Penascosa, Masegoso",14,38.7,-2.35
Malagón I,Ciudad Real (Castilla-La Mancha),"Fuente del Fresno, Los Cortijos",18,39.286,-4.052
Malagón II,Ciudad Real (Castilla-La Mancha),"Fuente del Fresno, Los Cortijos",25,39.286,-4.052
Malefatón,Albacete (Castilla-La Mancha),Higueruela,75,38.96,-1.44
Mallén,Zaragoza (Aragon),Mallén,15,41.883,-1.387
Malpica,La Coruna (Galicia),Malpica de Bergantiños,72,43.3,-8.89
Malpica Ampliación,La Coruna (Galicia),Malpica de Bergantiños,2,43.308,-8.893
Mamut,Granada (Andalucía),Padul,1,37.024,-3.631
Manchas Blancas,SC Tenerife (La Palma),La Villa de Mazo,6,28.552,-17.788
Mansilla de Burgos,Burgos (Castilla y Leon),Valle de Santibañez,0,42.483,-3.858
Manzanera,Castellon (Comunidad Valenciana),Olocau del Rey,17,40.64,-0.34
Mar de Agata,Offshore,,0,36.87,-1.84
Maranchon I,Guadalajara (Castilla-La Mancha),Maranchón,9,41.05,-2.2
Maranchon IV,Guadalajara (Castilla-La Mancha),Maranchón,24,41.05,-2.2
Maranchon Sur,Guadalajara (Castilla-La Mancha),"Maranchón, Luzón",6,41.03,-2.196
Mareiro,Lugo (Galicia),Ourol,20,43.56,-7.64
Marmellar,Burgos (Castilla y Leon),Pedrosa del Río Urbel ,33,42.405,-3.77
Mas de la Potra,Tarragona (Cataluna),Duesaigües i Pradell de la Teixeta,2,41.175,-0.901
Masgalán-Campo Do Coco,Pontevedra (Galicia),"Forcarei, Silleda",75,42.6,-8.267
Matabuey,Salamanca (Castilla y Leon),Garcihernández ,8,40.86,-5.432
Maza,Cuenca (Castilla-La Mancha),Olmedilla,33,39.636,-1.745
Mazorral y Rajola,Castellon (Comunidad Valenciana),"Barracas, El Toro",33,39.999,-0.72
Menaute,Málaga (Andalucía),Campillos ,19,37.047,-4.918
Merengue,Cáceres (Extremadura),Plasencia,15,40.037,-6.092
Mingorrubio I,Albacete (Castilla-La Mancha),Lezuza ,13,38.939,-2.295
Miñon,Lugo (Galicia),Vimianzo,6,43.108,-9.068
Mirabel,Valladolid (Castilla y Leon),"Valverde de Campos, Castromonte, Valdenebro de los Valles, La Mudarra",0,41.835,-5.038
MOJO,Offshore,,0,27.8,-15.32
Molar del Molinar,Albacete (Castilla-La Mancha),Peñas de San Pedro,75,38.73,-2.001
Molino de Arbolitas,Zaragoza (Aragon),Borja,1,41.83,-1.53
Molino de Carragüeyes,Zaragoza (Aragon),Borja,1,41.83,-1.53
Monasterio de Rodilla,Burgos (Castilla y Leon),Monasterio de Rodilla,8,42.466,-3.468
Moncayuelo,Navarra,Falces,32,42.442,-1.75
Monciro,Lugo (Galicia),"A Fonsagrada, Castroverde, Baleira, Ribeira de Piquín, Pol",12,43.08,-7.29
Monclues,Lleida (Cataluna),La Granadella ,15,41.357,-0.666
Mondoñedo,Lugo (Galicia),Mondoñedo ,31,43.452,-7.404
Monforte I,Teruel (Aragon),"Monforte de Moyuela, Loscos",5,41.069,-1.03
Monforte II,Teruel (Aragon),"Moyuela, Loscos",0,41.081,-1.046
Monlora I,Zaragoza (Aragon),"Luna, Sierra de Luna, Castejón de Valdejasa",4,42.166,-0.933
Monlora II,Zaragoza (Aragon),"Luna, Sierra de Luna",13,42.166,-0.933
Monlora III,Zaragoza (Aragon),Luna,13,42.166,-0.933
Monlora IV,Zaragoza (Aragon),"Las Pedrosas, Sierra de Luna",0,42.047,-0.908
Monlora V,Zaragoza (Aragon),Las Pedrosas,7,42.038,-0.881
Monseivane,Lugo (Galicia),"Abadín,Vilalba",46,43.33,-7.59
Montamarta,Zamora (Castilla y Leon),"Montamarta, Palacios del Pan, Andavías ",14,41.644,-5.877
Montaña de San Juan,SC Tenerife (Tenerife),,0,27.807,-17.915
Montaña Mina,SC Tenerife (Lanzarote),San Bartolomé ,5,28.998,-13.596
Montaña Pelada,Las Palmas (Canarias),Galdar,7,28.153,-15.682
Montaña Perros,Las Palmas (Canarias),Agüimes ,1,27.904,-15.442
Montaña San Francisco I,Las Palmas (Canarias),Agüimes ,5,27.87,-15.412
Montargull,Lleida (Cataluna),"Talavera (Lleida), Llorat (Tarragona) ",15,41.554,-1.375
Montargull Ampliacion,Lleida (Cataluna),"Talavera (Lleida), Llorat, Santa Coloma de Queralt (Tarragona) ",7,41.554,-1.375
Monte Arca ,Pontevedra (Galicia),"Cuntis, A Estrada ",3,42.633,-8.563
Monte Cabezas,Pontevedra (Galicia),Rodeiro,23,42.723,-7.886
Monte Carrio,Pontevedra (Galicia),"Lalín, Vila de Cruces",37,42.73,-8.14
Monte da Barda,La Coruna (Galicia),Ponteceso,2,43.243,-8.902
Monte das Aguas,La Coruna (Galicia),As Somozas,1,43.53,-7.9
Monte de Villajimena,Palencia (Castilla y Leon),Monzón de Campos,3,42.119,-4.49
Monte do Ceo,Pontevedra (Galicia),A Lama,3,42.39,-8.44
Monte Gordo,Huelva (Andalucía),"Ayamonte, Villablanca",24,37.304,-7.341
Monte Molón,Cuenca (Castilla-La Mancha),"Mira, Aliaguilla",35,39.705,-1.381
Monte Rande,La Coruna (Galicia),Ortigueira ,11,43.686,-7.852
Monte Redondo,La Coruna (Galicia),Vimianzo,66,43.12,-9.09
Monte Seixo,Pontevedra (Galicia),"A Lama, Forcarei, Cotobade",37,42.461,-8.395
Monte Seixo Ampliación,Pontevedra (Galicia),"A Lama, Forcarei, Cotobade",16,42.461,-8.395
Monte Tourado - Eixe,La Coruna (Galicia),Vimianzo,11,43.108,-9.09
Monte Treito,La Coruna (Galicia),"Lousame, Rois, Dodro, Rianxo",40,42.75,-8.78
Monteahumada I,Cadiz (Andalucía),Tarifa,3,36.01,-5.6
Montejo de Bricia,Burgos (Castilla y Leon),Alfoz de Bricia,16,42.9,-3.86
Montemayor Norte,Lugo (Galicia),"Alfoz, Abadin",28,43.44,-7.42
Montemayor Sur,Lugo (Galicia),Abadín,17,43.36,-7.48
Montero,Zaragoza (Aragon),Pedrola,30,41.786,-1.273
Montes de Abella,Lugo (Galicia),Láncara,5,42.811,-7.34
Montes de Cierzo I,Navarra,Tudela,41,42.067,-1.763
Montes de Cierzo II,Navarra,Tudela,44,42.067,-1.763
Montija,Burgos (Castilla y Leon),Merindad de Montija,28,43.09,-3.43
Montouto,Lugo (Galicia),Abadín,31,43.36,-7.48
Montouto 2000,Pontevedra (Galicia),"A Cañiza, Arbo, As Neves",53,42.148,-8.359
Morón de Almazán,Soria (Castilla y Leon),"Morón de Almazán, Adradas",25,41.389,-2.427
Morrablancar,Albacete (Castilla-La Mancha),Hoya Gonzalo,20,38.97,-1.58
Mostaza,Cadiz (Andalucía),Vejer de la Frontera ,9,36.337,-5.944
Motilla,Cuenca (Castilla-La Mancha),Motilla Del Palancar,21,39.562,-1.917
Motilla del Palancar,Cuenca (Castilla-La Mancha),,17,39.562,-1.917
Mouriños,La Coruna (Galicia),"Cabana de Bergantiños, Zas",0,43.193,-8.912
MPS demo - BiMEP,Offshore,,0,43.46,-2.89
Mudéfer,Tarragona (Cataluna),Caseres ,25,41.037,-0.282
Mudéfer II,Tarragona (Cataluna),Vall de la Conilla ,7,41.037,-0.282
Muel,Zaragoza (Aragon),Muel,27,41.46,-1.09
Muela,Albacete (Castilla-La Mancha),"Corralrubio, Chinchilla de Montearagón",69,38.764,-1.507
Muela Cubillo,Cuenca (Castilla-La Mancha),"Alcalá de la Vega, Algarra, Fuentelespino de Moya",25,40.025,-1.471
Muela de Santa Catalina - Cerro Negro,Valencia (Comunidad Valenciana),Aras de los Olmos,17,39.924,-1.133
Muela de Todolella,Castellon (Comunidad Valenciana),"Olocau del Rey, Todolella",27,40.641,-0.289
Muela de Tortosilla,Albacete (Castilla-La Mancha),Alpera,56,38.96,-1.23
Muela I,Cuenca (Castilla-La Mancha),"Sisante, Vara del Rey, Atalaya",33,39.458,-2.252
Multiplat 2,Offshore,,0,28.05,-15.35
Munera I,Albacete (Castilla-La Mancha),Munera,22,39.084,-2.427
Munera II,Albacete (Castilla-La Mancha),Munera,17,39.084,-2.427
Muniesa,Teruel (Aragon),Muniesa,14,41.032,-0.815
Munilla Ampliación,Logroño (La Rioja),"Munilla, Zarzosa, Robres del Castillo, Hornillos de Cameros, Arnedillo",5,42.206,-2.34
Munilla La-Santa,Logroño (La Rioja),"Hornillos, Munilla, Zarzosa",18,42.206,-2.34
Muras I,Lugo (Galicia),"Muras, Ourol",37,43.563,-7.721
Muras II,Lugo (Galicia),"Muras, Ourol",37,43.563,-7.721
Musica 4,Offshore,,0,27.65,-18.08
Muxía I,La Coruna (Galicia),Muxía,23,43.078,-9.241
Muxía II,La Coruna (Galicia),Muxía,11,43.078,-9.241
Nacimiento,Almeria (Andalucía),Nacimiento,12,37.125,-2.665
Nautilus (ES),Offshore,,0,43.59,-2.85
Navas del Marqués,Avila (Castilla y Leon),Las Navas del Marqués,16,40.64,-4.38
Navazuelo,Avila (Castilla y Leon),Las Navas del Marqués,26,40.63,-4.35
Navillas,Valladolid (Castilla y Leon),"La Mudarra, Valdenebro de los Valles, Valladolid, Villalba de los Alcores",0,41.833,-4.894
Neda,Lugo (Galicia),"Abadin, A Pastoriza",10,43.359,-7.478
Nerea,Zamora (Castilla y Leon),"Requejo, Pedralba de la Pradería",53,41.983,-6.764
Nogueira,Ourense (Galicia),"Bande, Verea ",2,42.413,-7.726
Nordés,Lugo (Galicia),"Muros, Valadouro",27,43.581,-7.468
Nordes Phase 1,Offshore,,0,44.13,-8.45
Nordes Phase 2,Offshore,,0,44.13,-8.45
Novo,La Coruna (Galicia),"Valdoviño, Narón",25,43.584,-8.121
O Barrigoso,La Coruna (Galicia),Vimianzo,2,43.11,-9.03
O Chao,Lugo (Galicia),"Ourol, Muras",4,43.522,-7.614
Oiz,Vizcaya (Euskadi),"Mallabia, Berriz",40,43.216,-2.578
Ojos Albos,Avila (Castilla y Leon),Ojos Albos,22,40.71,-4.5
Oncala,Soria (Castilla y Leon),Oncala,33,41.97,-2.31
Os Corvos,La Coruna (Galicia),Cedeira,17,43.69,-7.96
Otero y Peña la Cuesta,Burgos (Castilla y Leon),Los Altos,10,42.78,-3.65
Ourol,Lugo (Galicia),Ourol,22,43.565,-7.642
Outes,La Coruna (Galicia),Sierra de Outes,21,42.83,-8.95
P.E. Centro de Control Canarias,Las Palmas (Canarias),,1,27.934,-15.392
Padornelo,Zamora (Castilla y Leon),"Padornelo, Aciberos",37,42.059,-6.841
Padornelo Ampliación,Zamora (Castilla y Leon),Lubián ,9,42.059,-6.841
Padrón,La Coruna (Galicia),Padrón,2,42.74,-8.66
Padul,Granada (Andalucía),Padul ,11,36.991,-3.687
Palomarejo,Sevilla (Andalucía),Écija,15,37.46,-5.15
Paradela,Lugo (Galicia),Paradela,0,42.765,-7.57
Páramo de Poza I,Burgos (Castilla y Leon),Poza de la Sal,66,42.68,-3.58
Páramo de Poza I Ampliación,Burgos (Castilla y Leon),Poza de la Sal ,1,42.665,-3.501
Páramo de Poza II,Burgos (Castilla y Leon),Poza de la Sal,67,42.66,-3.56
Páramo de Vega,Burgos (Castilla y Leon),"Valle de Santibáñez, Huérmeces ",9,42.517,-3.787
Páramo los Angostillos,Palencia (Castilla y Leon),"Hornillos de Cerrato, Baltanás",13,41.975,-4.254
Parc Eolic Almatret,Lleida (Cataluna),Almatret ,25,41.305,-0.402
Parideras,Soria (Castilla y Leon),"Beltejar, Medinaceli",11,41.224,-2.469
Parque Concasur,Las Palmas (Canarias),Agüimes,1,27.901,-15.448
Parque Enercon,SC Tenerife (Tenerife),,11,28.078,-16.521
Parque Eólico Experimental Cerros Pelaos,Granada (Andalucía),Padul,1,37.021,-3.626
Parque Eólico Experimental San José,Granada (Andalucía),Huéneja,1,37.178,-2.947
Parque Eólico Experimental Vestas Cantabria,Cantabria,Reinosa,1,42.96,-4.097
Pasada de Tejeda,Cadiz (Andalucía),Tarifa,6,36.172,-5.736
Pastoriza-Rodeiro,Lugo (Galicia),Arteixo,14,43.289,-8.505
Paxareiras I (Paxareiras-Montevós),La Coruna (Galicia),"Mazaricos, Muros",34,42.86,-9.06
Paxareiras II (Paxareiras-Montevós),La Coruna (Galicia),"Muros, Carnota",32,42.82,-9.09
Pebesa (Baix Ebre),Tarragona (Cataluna),Tortosa,27,40.81,-0.52
Pedra Chantada,Lugo (Galicia),"Muras, Ourol",33,43.52,-7.67
Pedregal Tremuzo I,La Coruna (Galicia),Muros,36,42.838,-9.056
Pedregal Tremuzo II,La Coruna (Galicia),Muros,7,42.838,-9.056
Pedregoso A,Cadiz (Andalucía),Tarifa,9,36.01,-5.6
Pedregoso B,Cadiz (Andalucía),Tarifa,9,36.01,-5.6
Pedregoso D,Cadiz (Andalucía),Tarifa,9,36.01,-5.6
Pedrola,Zaragoza (Aragon),Pedrola,0,41.789,-1.227
PEI Villanueva,Asturias,Villanueva de Oscos,0,43.354,-6.97
Peña Alta,Burgos (Castilla y Leon),Merindad de Valdivieso ,41,42.84,-3.6
Peña Alta Ampliación,Burgos (Castilla y Leon),Los Altos,4,42.78,-3.65
Pena Armada,Lugo (Galicia),"Friol, Palas de Rei",23,42.95,-7.82
Peña Blanca Area Experimental,Navarra,Tafalla ,1,42.54,-1.631
Peña Blanca I,Navarra,Leoz,22,42.54,-1.644
Peña Blanca II,Navarra,"Leoz, Tafalla ",54,42.54,-1.644
Pena da Cruz,Ourense (Galicia),Chandrexa de Queixa,15,42.26,-7.38
Pena da Cruz Ampliación,Ourense (Galicia),Chandrexa de Queixa,12,42.26,-7.38
Pena da Loba,La Coruna (Galicia),"As Pontes, Mañón",37,43.348,-7.883
Peña del Cuervo,Asturias,"Las Regueras, Candamo e Illas",8,43.458,-6.001
Peña del Gato,Leon (Castilla y Leon),"Torre del Bierzo, Villagatón e Igüeña ",25,42.664,-6.217
Peña el Santo,Palencia (Castilla y Leon),Aguilar de Campo,1,42.793,-4.262
Pena Forcada,La Coruna (Galicia),Camariñas,26,43.15,-9.2
Pena Forcada-Catasol II,La Coruna (Galicia),Laxe,2,43.21,-9.016
Peña Galluda,La Coruna (Galicia),Laracha,1,43.25,-8.58
Pena Grande,Lugo (Galicia),"Muras, Ourol",26,43.52,-7.67
Peña I,Guadalajara (Castilla-La Mancha),Tartanedo ,8,41.015,-1.852
Peña II,Guadalajara (Castilla-La Mancha),"Tartanedo, Fuente Elsaz ",9,41.015,-1.852
Pena Luisa,Lugo (Galicia),"Muras, Ourol",33,43.52,-7.67
Peña Miján,Palencia (Castilla y Leon),Aguilar del Campoo,3,42.793,-4.262
Peña Nebina,Zamora (Castilla y Leon),Ferreruela,10,41.782,-6.064
Peña Roldana,Zamora (Castilla y Leon),Santa Eufemia del Barco ,22,41.666,-5.93
Pena Ventosa,Lugo (Galicia),"Viveiro, O Vicedo, Ourol",28,43.655,-7.669
Pena Ventosa Reformado,Lugo (Galicia),O Vicedo,4,43.73,-7.67
Peñaflor III,Valladolid (Castilla y Leon),"La Mudarra, Castromonte, Peñaflor de Hornija",30,41.781,-4.943
Peñaflor IV,Valladolid (Castilla y Leon),Peñaflor de Hornija,30,41.711,-4.983
Peñas de Dios I,Valencia (Comunidad Valenciana),Andilla,26,39.786,-0.895
Peñas de Dios II,Valencia (Comunidad Valenciana),"Andilla, Chelva, Calles",19,39.786,-0.895
Penas Grandes,Lugo (Galicia),"Carballedo (Lugo), Rodeiro (Pontevedra)",9,42.597,-7.912
Penouta,Asturias,Boal,7,43.45,-6.826
PES Cerceda,La Coruna (Galicia),Cerceda,2,43.19,-8.472
PESUR (Repotenciado),Cadiz (Andalucía),Tarifa,21,36.019,-5.603
Picador,Zaragoza (Aragon),Rueda de Jalón,0,41.634,-1.278
Picazo,Guadalajara (Castilla-La Mancha),"Milmarcos, Fuente Elsaz ",7,41.075,-1.852
Pico Collalbas,Cuenca (Castilla-La Mancha),"Villar del Humo, Henarejos",15,39.848,-1.497
Pico Gallo,Asturias,Tineo,37,43.397,-6.396
Piedras del Alto,Segovia (Castilla y Leon),"Aldeanueva de la Serrezuela, Navares de Enmedio, Navares de las Cuevas, Pradales",40,41.45,-3.75
Piletas 1,Las Palmas (Canarias),Piletas,7,28.092,-15.489
Pivot Buoy - PLOCAN,Offshore,,0,28.05,-15.38
Plá d´Embalagué,Castellon (Comunidad Valenciana),Portell de Morella,25,40.53,-0.26
Plana de Jarreta,Zaragoza (Aragon),La Muela,66,41.58,-1.12
Plana de la Balsa,Zaragoza (Aragon),"Cadrete, María",32,41.55,-0.98
Plana de María,Zaragoza (Aragon),María de Huerva,32,41.54,-0.996
Plana de Zaragoza,Zaragoza (Aragon),La Muela,32,41.58,-1.12
Planas de Pola (Tauste),Zaragoza (Aragon),"Tauste, Pradilla de Ebro",54,41.884,-1.104
Plat. Eólica Granadilla,SC Tenerife (Tenerife),Granadilla de Abona ,0,28.12,-16.577
Plocan,Offshore,,5,28.04,-15.36
PLOCAN hybrid floating,Offshore,,0,28.64,-15.59
PLOCAN W2Power WIP10 Scale prototype,Offshore,,1,28.04,-15.37
Poblacion de Carrato-Fase I,Palencia (Castilla y Leon),Cerrato,1,41.792,-4.434
Pobra do Caramiñal,La Coruna (Galicia),Pobra do Caramiñal,1,42.603,-8.939
Polígono Sabón (Inditex),La Coruna (Galicia),Arteixo,1,43.3,-8.51
Ponte Rebordelo,La Coruna (Galicia),Dumbría,31,43.01,-9.12
Poris de Abona,SC Tenerife (Tenerife),Arico,0,28.152,-16.48
Portachuelo,Albacete (Castilla-La Mancha),Romica,53,39.06,-1.83
Portelrubio,Soria (Castilla y Leon),"Fuentelsaz de Soria, Almarza",6,41.866,-2.417
Portillo 2 Fase 1,Zaragoza (Aragon),"María de Huerva, La Muela",0,41.54,-0.996
Portillo 2 Fase 2,Zaragoza (Aragon),María de Huerva,0,41.54,-0.996
Porto do Son,La Coruna (Galicia),Porto do Son,1,42.725,-9.006
Pousadoiro ,Lugo (Galicia),"Pontenova, A Pastoriza, Riotorto ",12,43.309,-7.25
Pozalmuro I+D,Soria (Castilla y Leon),Pozalmuro,1,41.77,-2.1
Pozocañada,Albacete (Castilla-La Mancha),Pozocañada,37,38.772,-1.739
Préjano,Logroño (La Rioja),"Préjano, Enciso",35,42.148,-2.197
Primoral,Zaragoza (Aragon),"Alfajarín, Villamayor de Gállego",12,41.645,-0.739
Prototipo experimental NED100,Lugo (Galicia),Villalba,3,43.671,-7.41
Pucheruelo,Avila (Castilla y Leon),San Juan de la Nava,27,40.479,-4.682
Puerto de Málaga Ampliacion,Málaga (Andalucía),"Ardales, Carratraca ",7,36.862,-4.831
Puerto des Rosario - Consumo Asociado,Las Palmas (Fuerteventura),Puerto del Rosario,1,28.503,-13.878
Puerto Escandón,Teruel (Aragon),Puerto de Escandón,13,40.321,-0.956
Puerto Facinas,Cadiz (Andalucía),Tarifa,6,36.019,-5.603
Pujalt,Tarragona (Cataluna),"Pujalt, Calonge de Segarra ",21,41.717,-1.451
Punago,Lugo (Galicia),"A Fonsagrada, Castroverde, Baleira, Ribeira de Piquín, Pol",46,43.08,-7.29
Punta,Las Palmas (Canarias),Santa Lucía de Tirajana ,11,27.913,-15.541
Punta Gaviota,Las Palmas (Canarias),Santa Lucía de Tirajana ,11,27.913,-15.541
Punta Grande,Las Palmas (Canarias),Arrecife,2,28.978,-13.519
Punta Lucero,Vizcaya (Euskadi),"Puerto de Bilbao, Zierbena",5,43.375,-3.089
Punta Teno,SC Tenerife (Tenerife),Tenerife,6,28.361,-16.909
Puntaza de Remolinos,Zaragoza (Aragon),Remolinos,18,41.84,-1.18
Puylobo,Zaragoza (Aragon),"Borja, Mallén",14,41.871,-1.483
Quintanilla,Burgos (Castilla y Leon),Merindad de Río Ubierna ,10,42.59,-3.672
Quintanilla Sobresierra,Soria (Castilla y Leon),Merindad de Río Ubierna,1,42.551,-3.683
Rabinaldo,Burgos (Castilla y Leon),Merindad de rio Ubierna,6,42.591,-3.705
Rabosera,Huesca (Aragon),Sierra de Luna,19,42.083,-0.837
Radona I,Soria (Castilla y Leon),"Adrada, Alcubilla de las Peñas ",12,41.296,-2.471
Radona II,Soria (Castilla y Leon),"Adrada, Alcubilla de las Peñas ",16,41.296,-2.471
Rancho Viejo,Cadiz (Andalucía),"Medina, Sidonia",8,36.463,-5.945
Raposeras,Logroño (La Rioja),"Pradejón, Calahorra",26,42.3,-2.01
Refachón,Lugo (Galicia),Abadín,28,43.36,-7.48
Refoyas,Castellon (Comunidad Valenciana),"Forcall, Todolella",33,40.648,-0.221
Requeixo,La Coruna (Galicia),As Somozas,7,43.517,-7.881
Reventones,Murcia,Jumilla,17,38.686,-1.404
Rincón del Cabello,Valencia (Comunidad Valenciana),Ayora,20,39.031,-1.143
Río Almodóvar,Cadiz (Andalucía),Tarifa,16,36.01,-5.6
Río Gallego,Huesca (Aragon),Gurrea de Gállego,43,42.011,-0.679
Rioboo,Lugo (Galicia),"Concello de Xove, Concello de Viveiro",16,43.652,-7.551
Roalabota,Cadiz (Andalucía),Jeréz de la Frontera ,19,36.687,-6.137
Robres,Huesca (Aragon),Robres,13,41.868,-0.533
Rodal,Palencia (Castilla y Leon),Fuentes de Valdepero,3,42.078,-4.461
Roden (ES),Zaragoza (Aragon),Fuentes de Ebro,0,41.511,-0.633
Rodera Alta,Salamanca (Castilla y Leon),"Santiz, Valdelosa, Zamayón",17,41.148,-5.831
Romerales I,Zaragoza (Aragon),Zaragoza,0,41.45,-0.983
Romerales II,Zaragoza (Aragon),Zaragoza,0,41.45,-0.983
Sabina,Albacete (Castilla-La Mancha),"Pozohondo, Hellín, Liétor ",24,38.632,-1.925
Sahariano,Offshore,,0,27.86,-15.35
Salajones,Navarra,"Aibar, Lumbier",29,42.608,-1.308
Salinas del Matorral,Las Palmas (Canarias),San Bartolomé de Tirajana ,2,27.802,-15.446
Salinas del Matorral Ampliación,Las Palmas (Canarias),San Bartolomé de Tirajana,1,27.802,-15.446
Salinetas,Las Palmas (Canarias),Telde,0,27.996,-15.43
Salomón,Valencia (Comunidad Valenciana),Enguera,25,38.986,-0.764
San Adrián,Palencia (Castilla y Leon),Fuentes de Valdepero,2,42.06,-4.49
San Agustín,Teruel (Aragon),"Azaila, Almochuel, Vinaceite",0,41.272,-0.536
San Bartolomé,Las Palmas (Canarias),San Bartolomé de Tirajana,4,27.802,-15.446
San Blas I,Valladolid (Castilla y Leon),"Castromonte, Valverde de Campos",0,41.807,-5.03
San Borondón,Offshore,,0,27.84,-15.34
San Brandan,Offshore,,0,43.95,-7.99
San Cibrao,Offshore,,0,43.97,-7.67
San Ciprián,Zamora (Castilla y Leon),"Lubián, Hermisende",21,41.996,-6.9
San Cristóbal de Aguilón,Zaragoza (Aragon),Aguilón,25,41.308,-0.992
San Esteban I A,Navarra,"Anorbe, Tirapu",37,42.639,-1.711
San Esteban I B - Egastiaga,Navarra,Artajona,4,42.626,-1.744
San Esteban II A - Añorbe,Navarra,"Anorbe, Tirapu",13,42.635,-1.726
San Esteban II B - Olcoz,Navarra,"Biurrun-olcoz, Unzué",8,42.605,-1.696
San Esteban II C - Caraquidoya,Navarra,"Barásoaian del Añorbe, Artajona",10,42.647,-1.668
San Gil,Guadalajara (Castilla-La Mancha),"Tartanedo, Torrubia, Fuentelsaz ",18,41.007,-1.903
San Gregorio,Navarra,Cabanillas,25,42.072,-1.547
San Gregorio,Navarra,Cabanillas,25,42.072,-1.547
San Juan de Bargas,Zaragoza (Aragon),"Bureta, Magallón, Alberite de San Juan ",56,41.82,-1.47
San Just,Teruel (Aragon),Escucha,14,40.77,-0.85
San Lorenzo A,Valladolid (Castilla y Leon),Castromonte,26,41.77,-5.04
San Lorenzo B,Valladolid (Castilla y Leon),Castromonte,21,41.77,-5.04
San Lorenzo C,Valladolid (Castilla y Leon),"Castromonte, Peñaflor de Hornija, Torrelobatón ",15,41.648,-5.026
San Lorenzo D,Valladolid (Castilla y Leon),Peñaflor de Hornija ,18,41.711,-4.982
San Martín de Unx,Navarra,San Martín de Unx,41,42.52,-1.56
San Pedro (ES),Leon (Castilla y Leon),"Castropodame, Torre",10,42.58,-6.46
San Pedro Alacón,Teruel (Aragon),Alacón,12,41.023,-0.7
San Xoan,La Coruna (Galicia),"Muras, As Pontes",48,43.45,-7.85
Sancho Abarca,Zaragoza (Aragon),Tauste ,5,42.033,-1.315
Sant Antoni,Lleida (Cataluna),La Granadella ,20,41.388,-0.615
Santa Lucía,Las Palmas (Canarias),Santa Lucía de Tirajana ,16,27.92,-15.547
Santa Maria de Nieva,Almeria (Andalucía),,25,37.462,-1.989
Santa Quiteria,Huesca (Aragon),"Almudévar, Tardienta",40,41.974,-0.601
Santo Cristo de Magallón,Zaragoza (Aragon),Magallón,20,41.796,-1.366
Santo Domingo de la Luna,Zaragoza (Aragon),Luna,0,42.166,-0.933
Sargentes,Burgos (Castilla y Leon),"Sargentes de la Lora, Basconcillos del Tozo ",12,42.767,-3.937
Sasdónigas Fase I,Lugo (Galicia),Mondonedo,5,43.431,-7.372
Sasdónigas Fase II,Lugo (Galicia),"Mondonedo, Abadin",3,43.431,-7.372
Sasoplano,Huesca (Aragon),Almudévar,49,42.137,-0.59
Savallá,Tarragona (Cataluna),Savallá del Comtat ,9,41.538,-1.284
Serón I,Almeria (Andalucía),Serón ,25,37.344,-2.508
Serón II,Almeria (Andalucía),Serón ,5,37.344,-2.508
Serra da Loba,Lugo (Galicia),"Aranga, Guitiriz",18,43.268,-7.922
Serra da Loba Ampliación,Lugo (Galicia),"Monfero, Aranga",7,43.284,-7.946
Serra da Panda,La Coruna (Galicia),"Mañón, Ortigueira",28,43.598,-7.806
Serra Das Penas,Lugo (Galicia),Paradela,0,42.765,-7.57
Serra de Meira,Lugo (Galicia),"Meira, Ribeira de Piquín",58,43.219,-7.248
Serra de Rubió I,Barcelona (Cataluna),"Serra de Rubió, Castellfollit del Boix",33,41.661,-1.619
Serra de Rubió II,Barcelona (Cataluna),"Serra de Rubió, Castellfollit del Boix",17,41.661,-1.619
Serra de Vilobí,Lleida (Cataluna),"Tarrés, Fulleda",27,41.444,-1.054
Serra de Vilobí II,Lleida (Cataluna),"Tarrés, Fulleda",3,41.44,-1.035
Serra del Tallat,Lleida (Cataluna),"Vallbona de les Monges, Passanat",33,41.486,-1.168
Serra do Burgo,Ourense (Galicia),"Chandrexa de Quixa, Castro Caldelas",19,42.33,-7.41
Serra do Burgo Ampliación,Ourense (Galicia),Chandreixa de Queixa ,13,42.26,-7.38
Serra do Cando,Pontevedra (Galicia),"A Lama, Cotobade, Forcarei",44,42.5,-8.37
Serra do Larouco,Ourense (Galicia),"Baltar, Xinzo de Limia",49,42.01,-7.72
Serra do Páramo,Lugo (Galicia),"O Paramo, Parandela ",10,42.808,-7.497
Serra do Punago-Vacariza,Lugo (Galicia),Castroverde,0,43.024,-7.333
Serra Voltorera,Tarragona (Cataluna),"Cabra del Camp, Barberà de la Conca, Montblanc, Pira ",10,41.402,-1.305
Serralta,Navarra,Cabanillas,25,42.077,-1.533
Serralta Ampliación,Navarra,Cabanillas ,1,42.075,-1.528
Sierra Costera I,Teruel (Aragon),"Rillo, Cañada Vellida, Fuentes Calientes, Mezquita de Jarque",15,40.723,-0.925
Sierra Costera II,Teruel (Aragon),"Cañada Velilla, Cuevas de Almudén, Mexquita de Jarque, Galve",48,40.698,-0.868
Sierra de Aguas,Málaga (Andalucía),"Casarabonela, Alora",16,36.82,-4.78
Sierra de Aguas Ampliación,Málaga (Andalucía),"Casarabonela, Alora ",2,36.827,-4.704
Sierra de Arcas,Málaga (Andalucía),Villanueva de Algaidas,10,37.149,-4.453
Sierra de Bodenaya,Asturias,Salas,12,43.403,-6.302
Sierra de Dueña,Salamanca (Castilla y Leon),"Las Veguillas, Membibre de la Sierra, Frades de la Sierra, Pedrosillo de los Aires",37,40.69,-5.82
Sierra de la Cuesta,Asturias,Grandas de Salime,12,43.218,-6.814
Sierra de la Oliva,Albacete (Castilla-La Mancha),"Caudete, Almansa",71,38.739,-1.029
Sierra de la Oliva II,Albacete (Castilla-La Mancha),"Almansa, Caudete",20,38.799,-1.006
Sierra de la Virgen,Zaragoza (Aragon),"Sestrica, Calatayud",36,41.452,-1.644
Sierra de las Cabras,Murcia,Jumilla,11,38.492,-1.401
Sierra de las Carbas,Zamora (Castilla y Leon),Ferreruela ,20,41.795,-6.093
Sierra de los Lagos,Asturias,Allande,59,43.228,-6.694
Sierra de Mira,Cuenca (Castilla-La Mancha),"Mira, Aliaguilla",45,39.728,-1.382
Sierra de Oriche,Teruel (Aragon),"Allueva, Anadón",0,40.999,-1.047
Sierra de Pinilla,Albacete (Castilla-La Mancha),Chinchilla de MonteAragón,27,38.716,-1.602
Sierra de Tineo,Asturias,Tineo ,22,43.355,-6.416
Sierra del Buey,Murcia,Jumilla,23,38.52,-1.241
Sierra del Cortado,Soria (Castilla y Leon),"Tajahuerce, Almenar de Soria",14,41.75,-2.19
Sierra del Cortado Ampliación,Soria (Castilla y Leon),"Tajahuerce, Almenar, Pinilla del Campo",9,41.75,-2.19
Sierra del Madero I,Soria (Castilla y Leon),"Olvega, Noviercas",45,41.75,-1.98
Sierra del Madero II,Soria (Castilla y Leon),"Olvega, Noviercas",21,41.75,-2.0
Sierra del Romeral,Toledo (Castilla-La Mancha),Villacañas,28,39.653,-3.39
Sierra del Romeral II,Toledo (Castilla-La Mancha),Villacañas,9,39.653,-3.39
Sierra del Trigo (Fase I y II),Jaén (Andalucía),Noalejo,23,37.513,-3.741
Sierra Lácera,Murcia,Yecla ,23,38.741,-1.174
Sierra Menera I,Guadalajara (Castilla-La Mancha),"Setiles, Tordesilos",20,40.713,-1.555
Sierra Ministra,Soria (Castilla y Leon),Medinaceli ,20,41.173,-2.433
Sierra Pelarda,Teruel (Aragon),"Torrecilla de Fonfría, Allueva",4,41.0,-1.039
Sierra Quemada,Albacete (Castilla-La Mancha),Pozohondo,23,38.727,-1.926
Sierra Selva I,Navarra,Petilla de Aragón,50,42.441,-1.104
Sierra Sesnández,Zamora (Castilla y Leon),"Riofrío de Aliste, Ferreruela",10,41.771,-6.05
Sierro,Soria (Castilla y Leon),Retortillo de Soria,23,41.3,-2.995
Sil,Ourense (Galicia),"Esgos, Mogueira, Montederramo",70,42.3,-7.61
Sil Ampliación (1ª Fase),Ourense (Galicia),Nogueira de Ramuín,14,42.41,-7.73
Sil Ampliación (2ª Fase),Ourense (Galicia),Nogueira de Ramuín ,6,42.413,-7.726
Silán,Lugo (Galicia),Muras,20,43.47,-7.72
Silvarredonda,La Coruna (Galicia),Cabana de Bergantiños,13,43.186,-8.844
Sistral,Zamora (Castilla y Leon),"Pías, Porto",10,42.12,-6.96
Soán,Lugo (Galicia),"Muras, Valadouro",26,43.54,-7.46
Soán Ampliación,Lugo (Galicia),"Muras, Valadouro",29,43.54,-7.46
Soliedra,Soria (Castilla y Leon),Soliedra,6,41.47,-2.383
Sombrío,Burgos (Castilla y Leon),"Huermeces, Merindad de Río",14,42.43,-3.73
Somolinos,Guadalajara (Castilla-La Mancha),"Somolinos, Hijes",16,41.282,-3.089
Somozas,La Coruna (Galicia),As Somozas,80,43.518,-7.882
Somozas II,La Coruna (Galicia),As Somozas,1,43.538,-7.906
Sos del Rey Católico,Zaragoza (Aragon),Sos del Rey Católico,22,42.491,-1.262
Sos del Rey Católico II,Zaragoza (Aragon),Sos del Rey Católico,20,42.458,-1.18
Sotavento,La Coruna (Galicia),"Monfero (A Coruña), Xermade (Lugo)",24,43.36,-7.88
Tacica de Plata,Almeria (Andalucía),"Abla, Las tres Villas",13,37.149,-2.74
Tahivilla,Cadiz (Andalucía),Tarifa,101,36.01,-5.6
Talasa,Offshore,,0,27.67,-15.56
Tallisca,Huelva (Andalucía),El Almendro ,20,37.507,-7.27
Tarayuela,Soria (Castilla y Leon),"Alentisque, Morón de Almazán, Momblona, Soliedra",15,41.44,-2.37
Tarazona Sur,Zaragoza (Aragon),Tarazona,12,41.871,-1.66
Tardienta I,Huesca (Aragon),Tardienta,75,41.927,-0.605
Tardienta II,Huesca (Aragon),"Tardienta, Torralba",52,41.927,-0.605
Tarifa (Alstom-Ecotècnia) ,Cadiz (Andalucía),Tarifa,4,36.013,-5.603
Tea,Ourense (Galicia),"Tea Covelo, Melón, Avión",37,42.37,-8.25
Teguise I,SC Tenerife (Lanzarote),Lanzarote,4,29.06,-13.563
Tejonero,Cadiz (Andalucía),Vejer de la Frontera ,16,36.313,-5.967
Tenefe,Las Palmas (Canarias),Santa Lucía de Tirajana ,5,27.913,-15.541
Terral (ES),Lugo (Galicia),Abadín,36,43.36,-7.48
Teso Pardo,Valladolid (Castilla y Leon),"Valverde de Campos, Castromonte",0,41.807,-5.03
Teso Santo,Salamanca (Castilla y Leon),"Palacios del Arzobispo, Santiz",25,40.965,-5.663
Tharsis,Huelva (Andalucía),Alosno,5,37.591,-7.108
Tico,Zaragoza (Aragon),Villar de los Navarros,43,41.159,-1.044
Tíjola,Almeria (Andalucía),Tíjola ,16,37.346,-2.439
Tinajeros,Zaragoza (Aragon),"Agón, Magallón",0,41.847,-1.468
Tirapu,Navarra,"Añorbe, Artajona",0,42.659,-1.715
Torozos A,Valladolid (Castilla y Leon),"Castromonte, Torrelobatón, Torrecilla de la Torre, Barruelo",0,41.713,-5.045
Torozos B,Valladolid (Castilla y Leon),"Torrelobatón, Berceruelo, Velilla, Villasexmir",0,41.608,-5.01
Torozos C,Valladolid (Castilla y Leon),"Torrelobatón, Castrodeza, Berceruelo, Velliza",0,41.608,-5.01
Torre Madrina,Tarragona (Cataluna),"Batea, Gandesa",20,41.098,-0.228
Torre Miró I,Castellon (Comunidad Valenciana),Morella,33,40.62,-0.09
Torre Miró II,Castellon (Comunidad Valenciana),Morella,33,40.62,-0.1
Tortosa,Tarragona (Cataluna),Tortosa,23,40.81,-0.52
Torviscal,Albacete (Castilla-La Mancha),Masegoso,16,38.744,-2.344
Touriñán (Serra do Moncoso),La Coruna (Galicia),"Monfero, Irixoa, Aranga",29,43.33,-8.05
Tramuntana,Offshore,,0,42.19,-3.44
Tres Picos,Palencia (Castilla y Leon),Magaz de Pisuegra,3,41.989,-4.495
Tres Villas,Almeria (Andalucía),Las Tres Villas ,25,37.165,-2.72
Triquivijate,Las Palmas (Canarias),Agüimes ,2,27.904,-15.442
Trucafort,Tarragona (Cataluna),"Pradell de la Teixeta, L´Argentera, La Torre de Fontaubella, Colldejou",91,41.14,-0.89
Turó del Magre,Barcelona (Cataluna),"Pujalt, Veciana, Argencola (Barcelona ), Sant Guim de Freixenet (Lleida) ",15,41.634,-1.437
Txutxu,Navarra,Ujue,25,42.544,-1.523
Urano,Soria (Castilla y Leon),"Aldehuelas, Villar del Rio",38,42.08,-2.35
Urbel del Castillo II,Burgos (Castilla y Leon),"Huérmeneces, Montorio, Urbel del Castillo",25,42.584,-3.802
Uzkita,Navarra,Leóz,29,42.619,-1.515
Valbonilla Fase I,Burgos (Castilla y Leon),Castrojeriz,5,42.236,-4.19
Valbonilla Fase II,Burgos (Castilla y Leon),Castrojeriz,4,42.236,-4.19
Valbuena,Burgos (Castilla y Leon),"Villafranca Montes de Oca, Cerratón de Juarros ",19,42.384,-3.352
Valcaire,Granada (Andalucía),Padul,8,36.998,-3.682
Valdecarrión,Leon (Castilla y Leon),Sahagún ,17,42.427,-4.942
Valdeconejos,Teruel (Aragon),"Escucha, Utrillas",38,40.786,-0.873
Valdecuadros (I+D),Zaragoza (Aragon),La Muela,3,41.58,-1.12
Valdefuentes,Huelva (Andalucía),El Almendro ,14,37.507,-7.27
Valdehorno,Palencia (Castilla y Leon),Magaz de Pisuerga,4,41.983,-4.428
Valdelacasa ,Leon (Castilla y Leon),"Quintana del Castillo, Villagatón-Branuelas ",6,42.641,-6.105
Valdelón,Leon (Castilla y Leon),Folgoso de la Ribera ,9,42.667,-6.278
Valdelón Ampliación,Leon (Castilla y Leon),"Folgoso de la Ribera, Igüeña, Torre del Bierzo ",3,42.667,-6.278
Valdelónave,Zamora (Castilla y Leon),Muelas del Pan,5,41.525,-5.967
Valdepero,Palencia (Castilla y Leon),Fuentes de Valdepero,15,42.055,-4.534
Valdeperondo,Leon (Castilla y Leon),"Cea, Sahagún ",23,42.372,-5.03
Valdeporres,Burgos (Castilla y Leon),"Valdeporres, Valdebezana ",37,43.021,-3.769
Valdesamario,Leon (Castilla y Leon),"Riello, Valdesamario, Villagatón ",12,42.724,-6.052
Valdihuelo,Avila (Castilla y Leon),"Navalperal del Pinares, Ávila",19,40.592,-4.411
Valiente,Huesca (Aragon),Gurrea de Gallego,10,42.029,-0.672
Valmediano,Zamora (Castilla y Leon),"Tábara, Faramontanos",40,41.858,-5.878
Valpardo,Avila (Castilla y Leon),Navalperal del Pinares,25,40.59,-4.42
Valsagueiro,La Coruna (Galicia),Dumbría,25,43.01,-9.12
Veciana,Barcelona (Cataluna),Veciana ,18,41.666,-1.446
Vedadillo,Navarra,Falces,36,42.407,-1.828
Veleta,Burgos (Castilla y Leon),"Monasterio de Rodilla, Fresno de Rodilla, Santa María del Invierno",17,42.46,-3.47
Venta del Ginestar,Zaragoza (Aragon),"Agón, Bisimbre, Fréscano, Magallón, Mallén",0,41.874,-1.452
Ventoada,Lugo (Galicia),Muras,30,43.47,-7.72
Ventosa del Ducado A,Soria (Castilla y Leon),"Medinaceli, Yelo, Miño de Medinaceli ",9,41.195,-2.511
Ventosa del Ducado B,Soria (Castilla y Leon),"Medinaceli, Yelo, Miño de Medinaceli ",13,41.195,-2.511
Vicedo,Lugo (Galicia),O Vicedo,41,43.692,-7.672
Vidural y Cordel,Asturias,"Navia, Villayón",0,43.448,-6.708
Vieiro,Ourense (Galicia),"Bande, Verea ",19,42.095,-7.989
Viento de Alcalá,Cadiz (Andalucía),Alcala de los Gazules,21,36.429,-5.762
Vientos del Roque,Las Palmas (Canarias),Agüimes ,2,27.904,-15.442
Vilachá,Lugo (Galicia),"Ourol, Muras ",4,43.521,-7.611
Vilalba,Lugo (Galicia),Vilalba,38,43.3,-7.68
Vilalba dels Arcs,Tarragona (Cataluna),Vilalba del Arcs ,31,41.12,-0.409
Villacastín,Segovia (Castilla y Leon),"Villacastín, Santa María el Cubillo",22,40.72,-4.48
Villalazán,Zamora (Castilla y Leon),Toro,6,41.52,-5.39
Villamayor,Cuenca (Castilla-La Mancha),"Puebla de Almenara, Villamayor de Santiago, Hontanaya ",17,39.762,-2.838
Villamiel,Burgos (Castilla y Leon),Villamiel de la Sierra,21,42.18,-3.44
Villanueva,Navarra,"Puente la Reina, Arraiza",30,42.746,-1.799
Villanueva de Jara I,Cuenca (Castilla-La Mancha),Villanueva de la Jara,3,39.44,-1.96
Villanueva de Jara II,Cuenca (Castilla-La Mancha),Villanueva de la Jara,2,39.44,-1.96
Villanueva de Jara III,Cuenca (Castilla-La Mancha),Villanueva de la Jara,2,39.44,-1.96
Villanueva I,Valencia (Comunidad Valenciana),Jarafuel ,21,39.16,-1.143
Villanueva II,Valencia (Comunidad Valenciana),Jarafuel ,8,39.16,-1.143
Villoruebo,Burgos (Castilla y Leon),Villoruebo,19,42.18,-3.43
Viravento,La Coruna (Galicia),Camariñas,1,43.15,-9.2
Virgen de Belén I,Albacete (Castilla-La Mancha),Bonete,35,38.872,-1.318
Virgen de Belén I Ampliación,Albacete (Castilla-La Mancha),Bonete,5,38.865,-1.332
Virgen de Belén II,Albacete (Castilla-La Mancha),Bonete,37,38.918,-1.295
Virgen de la Peña de Alfajarín,Zaragoza (Aragon),Sierra de Luna,15,41.704,-0.666
Virgen de los Llanos I,Albacete (Castilla-La Mancha),"Higueruela, Hoya",40,38.979,-1.422
Virgen de los Llanos II,Albacete (Castilla-La Mancha),Higueruela,35,38.979,-1.422
Virxe do Monte,La Coruna (Galicia),"Mazaricos, Muros, Carnota",32,42.94,-8.99
Viure de l’aire del cel,Barcelona (Cataluna),,1,41.71,-1.433
Viveiro,Lugo (Galicia),"Viveiro, Xove",43,43.652,-7.559
Walga,Huesca (Aragon),Huesca,0,42.136,-0.415
WunderHexicon Floating Green Hydrogen,Offshore,,0,39.29,-0.2
Xiabre Ampliación,Pontevedra (Galicia),"Vilagarcía, Catoira, Caldas de Reis ",2,42.641,-8.684
Xiabre I,Pontevedra (Galicia),"Vilagarcía, Catoira, Caldas de Reis",11,42.636,-8.696
Xiabre II,Pontevedra (Galicia),"Vilagarcía, Catoira, Caldas de Reis",3,42.636,-8.696
Xunqueira,Asturias,"San Tirso de Abres, Taramundi",3,43.41,-7.142
Yerga I,Logroño (La Rioja),"Alfaro, Autol",37,42.151,-1.964
Yerga II,Logroño (La Rioja),"Alfaro, Autol",36,42.144,-1.956
Zarzuela II,Cadiz (Andalucía),Tarifa,8,36.01,-5.6
Zas,La Coruna (Galicia),"Zas, Santa Comba",90,43.1,-8.87
Zorraquín,Soria (Castilla y Leon),"Gomyo, Villaciervos",6,41.76,-2.63
Zorreras,Cadiz (Andalucía),"Medina, Sidonia",29,36.135,-5.815
